U1;size=1277	MW831011|Gadus_morhua	100.000	80	80
U1;size=1277	ON545931|Gadus_morhua	100.000	80	80
U1;size=1277	ON545937|Gadus_morhua	100.000	80	80
U1;size=1277	ON545938|Gadus_morhua	100.000	80	80
U1;size=1277	ON545957|Gadus_morhua	100.000	80	80
U1;size=1277	ON545965|Gadus_morhua	100.000	80	80
U1;size=1277	MZ407824|Gadus_morhua	100.000	80	80
U1;size=1277	MZ407825|Gadus_morhua	100.000	80	80
U1;size=1277	PP087981|Gadus_morhua	100.000	80	80
U1;size=1277	PP087982|Gadus_morhua	100.000	80	80
U1;size=1277	PP087983|Gadus_morhua	100.000	80	80
U1;size=1277	PQ034651|Gadus_morhua	100.000	80	80
U1;size=1277	PQ034652|Gadus_morhua	100.000	80	80
U1;size=1277	PQ034653|Gadus_morhua	100.000	80	80
U1;size=1277	PV541600|Gadus_morhua	100.000	80	80
U1;size=1277	PZ676065|Gadus_morhua	100.000	80	80
U1;size=1277	MZ097918|Gadus_chalcogrammus	100.000	80	80
U1;size=1277	MZ097919|Gadus_chalcogrammus	100.000	80	80
U1;size=1277	MZ097920|Gadus_chalcogrammus	100.000	80	80
U1;size=1277	MZ097921|Gadus_chalcogrammus	100.000	80	80
U1;size=1277	MZ097922|Gadus_chalcogrammus	100.000	80	80
U1;size=1277	MZ097923|Gadus_chalcogrammus	100.000	80	80
U1;size=1277	MZ097924|Gadus_chalcogrammus	100.000	80	80
U1;size=1277	MZ097925|Gadus_chalcogrammus	100.000	80	80
U1;size=1277	MZ097926|Gadus_chalcogrammus	100.000	80	80
U1;size=1277	MZ407786|Gadus_chalcogrammus	100.000	80	80
U1;size=1277	MW435038|Gadus_chalcogrammus	100.000	80	80
U1;size=1277	MW435064|Gadus_chalcogrammus	100.000	80	80
U1;size=1277	MW435065|Gadus_chalcogrammus	100.000	80	80
U1;size=1277	MW435131|Gadus_chalcogrammus	100.000	80	80
U1;size=1277	OQ932941|Gadus_chalcogrammus	100.000	80	80
U1;size=1277	PV541582|Gadus_chalcogrammus	100.000	80	80
U1;size=1277	PV541586|Gadus_chalcogrammus	100.000	80	80
U1;size=1277	PX398564|Gadus_chalcogrammus	100.000	80	80
U1;size=1277	ON545935|Gadus_morhua	98.750	80	80
U1;size=1277	MZ169750|Arctogadus_glacialis	98.750	80	80
U1;size=1277	MZ169751|Arctogadus_glacialis	98.750	80	80
U1;size=1277	MW435025|Arctogadus_glacialis	98.750	80	80
U1;size=1277	MW435087|Arctogadus_glacialis	98.750	80	80
U1;size=1277	MW435088|Arctogadus_glacialis	98.750	80	80
U1;size=1277	MW435090|Arctogadus_glacialis	98.750	80	80
U1;size=1277	MW435091|Arctogadus_glacialis	98.750	80	80
U1;size=1277	MW435092|Arctogadus_glacialis	98.750	80	80
U1;size=1277	MW435094|Arctogadus_glacialis	98.750	80	80
U1;size=1277	MW435095|Arctogadus_glacialis	98.750	80	80
U1;size=1277	MW435096|Arctogadus_glacialis	98.750	80	80
U1;size=1277	MW435098|Arctogadus_glacialis	98.750	80	80
U1;size=1277	MW435099|Arctogadus_glacialis	98.750	80	80
U1;size=1277	MW435100|Arctogadus_glacialis	98.750	80	80
U1;size=1277	MW435103|Arctogadus_glacialis	98.750	80	80
U2;size=855	MW435025|Arctogadus_glacialis	100.000	80	80
U2;size=855	MW435087|Arctogadus_glacialis	100.000	80	80
U2;size=855	MW435088|Arctogadus_glacialis	100.000	80	80
U2;size=855	MW435090|Arctogadus_glacialis	100.000	80	80
U2;size=855	MW435091|Arctogadus_glacialis	100.000	80	80
U2;size=855	MW435092|Arctogadus_glacialis	100.000	80	80
U2;size=855	MW435093|Arctogadus_glacialis	100.000	80	80
U2;size=855	MW435094|Arctogadus_glacialis	100.000	80	80
U2;size=855	MW435095|Arctogadus_glacialis	100.000	80	80
U2;size=855	MW435096|Arctogadus_glacialis	100.000	80	80
U2;size=855	MW435098|Arctogadus_glacialis	100.000	80	80
U2;size=855	MW435099|Arctogadus_glacialis	100.000	80	80
U2;size=855	MW435100|Arctogadus_glacialis	100.000	80	80
U2;size=855	MW435103|Arctogadus_glacialis	100.000	80	80
U2;size=855	MW435104|Arctogadus_glacialis	100.000	80	80
U2;size=855	MW435139|Arctogadus_glacialis	100.000	80	80
U2;size=855	MW435147|Arctogadus_glacialis	100.000	80	80
U2;size=855	PV496041|Arctogadus_glacialis	100.000	80	80
U2;size=855	ON545931|Gadus_morhua	100.000	80	80
U2;size=855	ON545933|Gadus_morhua	100.000	80	80
U2;size=855	ON545935|Gadus_morhua	100.000	80	80
U2;size=855	ON545937|Gadus_morhua	100.000	80	80
U2;size=855	ON545938|Gadus_morhua	100.000	80	80
U2;size=855	ON545957|Gadus_morhua	100.000	80	80
U2;size=855	PP087981|Gadus_morhua	100.000	80	80
U2;size=855	PP087982|Gadus_morhua	100.000	80	80
U2;size=855	PP087983|Gadus_morhua	100.000	80	80
U2;size=855	MW435038|Gadus_chalcogrammus	100.000	80	80
U2;size=855	MW435064|Gadus_chalcogrammus	100.000	80	80
U2;size=855	MW435131|Gadus_chalcogrammus	100.000	80	80
U2;size=855	OQ932941|Gadus_chalcogrammus	100.000	80	80
U2;size=855	PX398564|Gadus_chalcogrammus	100.000	80	80
U2;size=855	MZ097918|Gadus_chalcogrammus	98.750	80	80
U2;size=855	MZ097919|Gadus_chalcogrammus	98.750	80	80
U2;size=855	MZ097920|Gadus_chalcogrammus	98.750	80	80
U2;size=855	MZ097921|Gadus_chalcogrammus	98.750	80	80
U2;size=855	MZ097922|Gadus_chalcogrammus	98.750	80	80
U2;size=855	MZ097923|Gadus_chalcogrammus	98.750	80	80
U2;size=855	MZ097924|Gadus_chalcogrammus	98.750	80	80
U2;size=855	MZ097925|Gadus_chalcogrammus	98.750	80	80
U2;size=855	MZ097926|Gadus_chalcogrammus	98.750	80	80
U2;size=855	MW435065|Gadus_chalcogrammus	98.750	80	80
U2;size=855	KX119494|Pollachius_virens	100.000	76	80
U2;size=855	KX119495|Pollachius_virens	100.000	76	80
U2;size=855	LC146692|Pollachius_virens	100.000	76	80
U2;size=855	MN893170|Pollachius_virens	100.000	76	80
U2;size=855	MK241678|Pollachius_virens	100.000	76	80
U2;size=855	MK241680|Pollachius_virens	100.000	76	80
U2;size=855	MT455166|Pollachius_virens	100.000	76	80
U2;size=855	PQ034643|Pollachius_virens	100.000	76	80
U3;size=380	LC146692|Pollachius_virens	97.143	70	80
U3;size=380	OQ932941|Gadus_chalcogrammus	98.462	65	80
U3;size=380	MK241678|Pollachius_virens	98.438	64	80
U3;size=380	MK241680|Pollachius_virens	98.438	64	80
U3;size=380	OR290809|Merluccius_gayi	92.308	78	80
U3;size=380	OR290814|Merluccius_gayi	92.308	78	80
U3;size=380	OR290803|Merluccius_gayi	94.286	70	80
U3;size=380	ON545935|Gadus_morhua	96.875	64	80
U3;size=380	ON545937|Gadus_morhua	96.875	64	80
U3;size=380	ON545957|Gadus_morhua	96.875	64	80
U3;size=380	PP087981|Gadus_morhua	100.000	56	80
U3;size=380	PP087982|Gadus_morhua	100.000	56	80
U3;size=380	PP087983|Gadus_morhua	100.000	56	80
U3;size=380	ON545931|Gadus_morhua	100.000	55	80
U3;size=380	ON545933|Gadus_morhua	100.000	55	80
U3;size=380	ON545938|Gadus_morhua	100.000	55	80
U3;size=380	MW435025|Arctogadus_glacialis	100.000	53	80
U3;size=380	MW435087|Arctogadus_glacialis	100.000	53	80
U3;size=380	MW435088|Arctogadus_glacialis	100.000	53	80
U3;size=380	MW435090|Arctogadus_glacialis	100.000	53	80
U3;size=380	MW435091|Arctogadus_glacialis	100.000	53	80
U3;size=380	MW435092|Arctogadus_glacialis	100.000	53	80
U3;size=380	MW435093|Arctogadus_glacialis	100.000	53	80
U3;size=380	MW435094|Arctogadus_glacialis	100.000	53	80
U3;size=380	MW435095|Arctogadus_glacialis	100.000	53	80
U3;size=380	MW435096|Arctogadus_glacialis	100.000	53	80
U3;size=380	MW435098|Arctogadus_glacialis	100.000	53	80
U3;size=380	MW435099|Arctogadus_glacialis	100.000	53	80
U3;size=380	MW435100|Arctogadus_glacialis	100.000	53	80
U3;size=380	MW435103|Arctogadus_glacialis	100.000	53	80
U3;size=380	MW435104|Arctogadus_glacialis	100.000	53	80
U3;size=380	MW435139|Arctogadus_glacialis	100.000	53	80
U3;size=380	MW435147|Arctogadus_glacialis	100.000	53	80
U3;size=380	PV496041|Arctogadus_glacialis	100.000	53	80
U3;size=380	MZ097918|Gadus_chalcogrammus	98.214	56	80
U3;size=380	MZ097919|Gadus_chalcogrammus	98.214	56	80
U3;size=380	MZ097920|Gadus_chalcogrammus	98.214	56	80
U3;size=380	MZ097921|Gadus_chalcogrammus	98.214	56	80
U3;size=380	MZ097922|Gadus_chalcogrammus	98.214	56	80
U3;size=380	MZ097923|Gadus_chalcogrammus	98.214	56	80
U3;size=380	MZ097924|Gadus_chalcogrammus	98.214	56	80
U3;size=380	MZ097925|Gadus_chalcogrammus	98.214	56	80
U3;size=380	MZ097926|Gadus_chalcogrammus	98.214	56	80
U3;size=380	MW435038|Gadus_chalcogrammus	100.000	53	80
U3;size=380	MW435064|Gadus_chalcogrammus	100.000	53	80
U3;size=380	MW435131|Gadus_chalcogrammus	100.000	53	80
U3;size=380	PX398564|Gadus_chalcogrammus	100.000	53	80
U3;size=380	OR290806|Merluccius_gayi	96.552	58	80
U3;size=380	KX119494|Pollachius_virens	98.113	53	80
U3;size=380	KX119495|Pollachius_virens	98.113	53	80
U6;size=207	MT833816|Sander_lucioperca	100.000	80	80
U6;size=207	ON097642|Sander_lucioperca	100.000	80	80
U6;size=207	ON097742|Sander_lucioperca	100.000	80	80
U6;size=207	ON934138|Sander_lucioperca	100.000	80	80
U6;size=207	PQ394796|Sander_lucioperca	100.000	80	80
U6;size=207	PP702697|Sander_lucioperca	100.000	80	80
U6;size=207	PV841528|Sander_lucioperca	100.000	80	80
U6;size=207	PV841529|Sander_lucioperca	100.000	80	80
U6;size=207	PV841530|Sander_lucioperca	100.000	80	80
U6;size=207	PV841531|Sander_lucioperca	100.000	80	80
U6;size=207	PV841532|Sander_lucioperca	100.000	80	80
U6;size=207	PV841533|Sander_lucioperca	100.000	80	80
U6;size=207	PV841534|Sander_lucioperca	100.000	80	80
U6;size=207	PV841535|Sander_lucioperca	100.000	80	80
U6;size=207	PV841536|Sander_lucioperca	100.000	80	80
U6;size=207	PV841537|Sander_lucioperca	100.000	80	80
U6;size=207	PV841538|Sander_lucioperca	100.000	80	80
U6;size=207	PV841539|Sander_lucioperca	100.000	80	80
U6;size=207	ON097886|Sander_lucioperca	98.750	80	80
U6;size=207	ON097303|Sander_lucioperca	98.750	80	80
U5;size=200	LC146692|Pollachius_virens	98.571	70	80
U5;size=200	ON545935|Gadus_morhua	98.438	64	80
U5;size=200	ON545937|Gadus_morhua	98.438	64	80
U5;size=200	ON545957|Gadus_morhua	98.438	64	80
U5;size=200	OQ932941|Gadus_chalcogrammus	96.923	65	80
U5;size=200	MK241678|Pollachius_virens	96.875	64	80
U5;size=200	MK241680|Pollachius_virens	96.875	64	80
U5;size=200	OR290809|Merluccius_gayi	91.026	78	80
U5;size=200	OR290814|Merluccius_gayi	91.026	78	80
U5;size=200	PP087981|Gadus_morhua	100.000	56	80
U5;size=200	PP087982|Gadus_morhua	100.000	56	80
U5;size=200	PP087983|Gadus_morhua	100.000	56	80
U5;size=200	OR290803|Merluccius_gayi	92.857	70	80
U5;size=200	ON545931|Gadus_morhua	100.000	55	80
U5;size=200	ON545933|Gadus_morhua	100.000	55	80
U5;size=200	ON545938|Gadus_morhua	100.000	55	80
U5;size=200	MW435025|Arctogadus_glacialis	100.000	53	80
U5;size=200	MW435087|Arctogadus_glacialis	100.000	53	80
U5;size=200	MW435088|Arctogadus_glacialis	100.000	53	80
U5;size=200	MW435090|Arctogadus_glacialis	100.000	53	80
U5;size=200	MW435091|Arctogadus_glacialis	100.000	53	80
U5;size=200	MW435092|Arctogadus_glacialis	100.000	53	80
U5;size=200	MW435093|Arctogadus_glacialis	100.000	53	80
U5;size=200	MW435094|Arctogadus_glacialis	100.000	53	80
U5;size=200	MW435095|Arctogadus_glacialis	100.000	53	80
U5;size=200	MW435096|Arctogadus_glacialis	100.000	53	80
U5;size=200	MW435098|Arctogadus_glacialis	100.000	53	80
U5;size=200	MW435099|Arctogadus_glacialis	100.000	53	80
U5;size=200	MW435100|Arctogadus_glacialis	100.000	53	80
U5;size=200	MW435103|Arctogadus_glacialis	100.000	53	80
U5;size=200	MW435104|Arctogadus_glacialis	100.000	53	80
U5;size=200	MW435139|Arctogadus_glacialis	100.000	53	80
U5;size=200	MW435147|Arctogadus_glacialis	100.000	53	80
U5;size=200	PV496041|Arctogadus_glacialis	100.000	53	80
U5;size=200	MZ097918|Gadus_chalcogrammus	98.214	56	80
U5;size=200	MZ097919|Gadus_chalcogrammus	98.214	56	80
U5;size=200	MZ097920|Gadus_chalcogrammus	98.214	56	80
U5;size=200	MZ097921|Gadus_chalcogrammus	98.214	56	80
U5;size=200	MZ097922|Gadus_chalcogrammus	98.214	56	80
U5;size=200	MZ097923|Gadus_chalcogrammus	98.214	56	80
U5;size=200	MZ097924|Gadus_chalcogrammus	98.214	56	80
U5;size=200	MZ097925|Gadus_chalcogrammus	98.214	56	80
U5;size=200	MZ097926|Gadus_chalcogrammus	98.214	56	80
U5;size=200	MW435038|Gadus_chalcogrammus	100.000	53	80
U5;size=200	MW435064|Gadus_chalcogrammus	100.000	53	80
U5;size=200	MW435131|Gadus_chalcogrammus	100.000	53	80
U5;size=200	PX398564|Gadus_chalcogrammus	100.000	53	80
U5;size=200	OR290806|Merluccius_gayi	96.552	58	80
U5;size=200	OR290808|Merluccius_gayi	95.082	61	80
U5;size=200	KX119494|Pollachius_virens	98.113	53	80
U7;size=198	OR290809|Merluccius_gayi	93.590	78	80
U7;size=198	OR290814|Merluccius_gayi	93.590	78	80
U7;size=198	OQ932941|Gadus_chalcogrammus	98.462	65	80
U7;size=198	LC146692|Pollachius_virens	95.714	70	80
U7;size=198	MK241678|Pollachius_virens	98.438	64	80
U7;size=198	MK241680|Pollachius_virens	98.438	64	80
U7;size=198	OR290803|Merluccius_gayi	95.714	70	80
U7;size=198	ON545935|Gadus_morhua	96.875	64	80
U7;size=198	ON545937|Gadus_morhua	96.875	64	80
U7;size=198	ON545957|Gadus_morhua	96.875	64	80
U7;size=198	PP087981|Gadus_morhua	100.000	56	80
U7;size=198	PP087982|Gadus_morhua	100.000	56	80
U7;size=198	PP087983|Gadus_morhua	100.000	56	80
U7;size=198	ON545931|Gadus_morhua	100.000	55	80
U7;size=198	ON545933|Gadus_morhua	100.000	55	80
U7;size=198	ON545938|Gadus_morhua	100.000	55	80
U7;size=198	MW435025|Arctogadus_glacialis	100.000	53	80
U7;size=198	MW435087|Arctogadus_glacialis	100.000	53	80
U7;size=198	MW435088|Arctogadus_glacialis	100.000	53	80
U7;size=198	MW435090|Arctogadus_glacialis	100.000	53	80
U7;size=198	MW435091|Arctogadus_glacialis	100.000	53	80
U7;size=198	MW435092|Arctogadus_glacialis	100.000	53	80
U7;size=198	MW435093|Arctogadus_glacialis	100.000	53	80
U7;size=198	MW435094|Arctogadus_glacialis	100.000	53	80
U7;size=198	MW435095|Arctogadus_glacialis	100.000	53	80
U7;size=198	MW435096|Arctogadus_glacialis	100.000	53	80
U7;size=198	MW435098|Arctogadus_glacialis	100.000	53	80
U7;size=198	MW435099|Arctogadus_glacialis	100.000	53	80
U7;size=198	MW435100|Arctogadus_glacialis	100.000	53	80
U7;size=198	MW435103|Arctogadus_glacialis	100.000	53	80
U7;size=198	MW435104|Arctogadus_glacialis	100.000	53	80
U7;size=198	MW435139|Arctogadus_glacialis	100.000	53	80
U7;size=198	MW435147|Arctogadus_glacialis	100.000	53	80
U7;size=198	PV496041|Arctogadus_glacialis	100.000	53	80
U7;size=198	MZ097918|Gadus_chalcogrammus	98.214	56	80
U7;size=198	MZ097919|Gadus_chalcogrammus	98.214	56	80
U7;size=198	MZ097920|Gadus_chalcogrammus	98.214	56	80
U7;size=198	MZ097921|Gadus_chalcogrammus	98.214	56	80
U7;size=198	MZ097922|Gadus_chalcogrammus	98.214	56	80
U7;size=198	MZ097923|Gadus_chalcogrammus	98.214	56	80
U7;size=198	MZ097924|Gadus_chalcogrammus	98.214	56	80
U7;size=198	MZ097925|Gadus_chalcogrammus	98.214	56	80
U7;size=198	MZ097926|Gadus_chalcogrammus	98.214	56	80
U7;size=198	MW435038|Gadus_chalcogrammus	100.000	53	80
U7;size=198	MW435064|Gadus_chalcogrammus	100.000	53	80
U7;size=198	MW435131|Gadus_chalcogrammus	100.000	53	80
U7;size=198	PX398564|Gadus_chalcogrammus	100.000	53	80
U7;size=198	OR290806|Merluccius_gayi	96.552	58	80
U7;size=198	KX119494|Pollachius_virens	98.113	53	80
U7;size=198	KX119495|Pollachius_virens	98.113	53	80
U11;size=153	MT833816|Sander_lucioperca	100.000	80	80
U11;size=153	ON097642|Sander_lucioperca	100.000	80	80
U11;size=153	ON097742|Sander_lucioperca	100.000	80	80
U11;size=153	ON097886|Sander_lucioperca	100.000	80	80
U11;size=153	ON097303|Sander_lucioperca	100.000	80	80
U11;size=153	ON934138|Sander_lucioperca	100.000	80	80
U11;size=153	PQ394796|Sander_lucioperca	100.000	80	80
U11;size=153	PV841528|Sander_lucioperca	100.000	80	80
U11;size=153	PV841529|Sander_lucioperca	100.000	80	80
U11;size=153	PV841530|Sander_lucioperca	100.000	80	80
U11;size=153	PV841531|Sander_lucioperca	100.000	80	80
U11;size=153	PV841532|Sander_lucioperca	100.000	80	80
U11;size=153	PV841533|Sander_lucioperca	100.000	80	80
U11;size=153	PV841534|Sander_lucioperca	100.000	80	80
U11;size=153	PV841535|Sander_lucioperca	100.000	80	80
U11;size=153	PV841536|Sander_lucioperca	100.000	80	80
U11;size=153	PV841537|Sander_lucioperca	100.000	80	80
U11;size=153	PV841538|Sander_lucioperca	100.000	80	80
U11;size=153	PV841539|Sander_lucioperca	100.000	80	80
U11;size=153	PP702697|Sander_lucioperca	100.000	64	80
U9;size=147	LC146692|Pollachius_virens	97.143	70	80
U9;size=147	OR290809|Merluccius_gayi	93.590	78	80
U9;size=147	OR290814|Merluccius_gayi	93.590	78	80
U9;size=147	OQ932941|Gadus_chalcogrammus	98.462	65	80
U9;size=147	MK241678|Pollachius_virens	98.438	64	80
U9;size=147	MK241680|Pollachius_virens	98.438	64	80
U9;size=147	OR290803|Merluccius_gayi	94.286	70	80
U9;size=147	ON545935|Gadus_morhua	96.875	64	80
U9;size=147	ON545937|Gadus_morhua	96.875	64	80
U9;size=147	ON545957|Gadus_morhua	96.875	64	80
U9;size=147	PP087981|Gadus_morhua	100.000	56	80
U9;size=147	PP087982|Gadus_morhua	100.000	56	80
U9;size=147	PP087983|Gadus_morhua	100.000	56	80
U9;size=147	ON545931|Gadus_morhua	100.000	55	80
U9;size=147	ON545933|Gadus_morhua	100.000	55	80
U9;size=147	ON545938|Gadus_morhua	100.000	55	80
U9;size=147	MW435025|Arctogadus_glacialis	100.000	53	80
U9;size=147	MW435087|Arctogadus_glacialis	100.000	53	80
U9;size=147	MW435088|Arctogadus_glacialis	100.000	53	80
U9;size=147	MW435090|Arctogadus_glacialis	100.000	53	80
U9;size=147	MW435091|Arctogadus_glacialis	100.000	53	80
U9;size=147	MW435092|Arctogadus_glacialis	100.000	53	80
U9;size=147	MW435093|Arctogadus_glacialis	100.000	53	80
U9;size=147	MW435094|Arctogadus_glacialis	100.000	53	80
U9;size=147	MW435095|Arctogadus_glacialis	100.000	53	80
U9;size=147	MW435096|Arctogadus_glacialis	100.000	53	80
U9;size=147	MW435098|Arctogadus_glacialis	100.000	53	80
U9;size=147	MW435099|Arctogadus_glacialis	100.000	53	80
U9;size=147	MW435100|Arctogadus_glacialis	100.000	53	80
U9;size=147	MW435103|Arctogadus_glacialis	100.000	53	80
U9;size=147	MW435104|Arctogadus_glacialis	100.000	53	80
U9;size=147	MW435139|Arctogadus_glacialis	100.000	53	80
U9;size=147	MW435147|Arctogadus_glacialis	100.000	53	80
U9;size=147	PV496041|Arctogadus_glacialis	100.000	53	80
U9;size=147	MZ097918|Gadus_chalcogrammus	98.214	56	80
U9;size=147	MZ097919|Gadus_chalcogrammus	98.214	56	80
U9;size=147	MZ097920|Gadus_chalcogrammus	98.214	56	80
U9;size=147	MZ097921|Gadus_chalcogrammus	98.214	56	80
U9;size=147	MZ097922|Gadus_chalcogrammus	98.214	56	80
U9;size=147	MZ097923|Gadus_chalcogrammus	98.214	56	80
U9;size=147	MZ097924|Gadus_chalcogrammus	98.214	56	80
U9;size=147	MZ097925|Gadus_chalcogrammus	98.214	56	80
U9;size=147	MZ097926|Gadus_chalcogrammus	98.214	56	80
U9;size=147	MW435038|Gadus_chalcogrammus	100.000	53	80
U9;size=147	MW435064|Gadus_chalcogrammus	100.000	53	80
U9;size=147	MW435131|Gadus_chalcogrammus	100.000	53	80
U9;size=147	PX398564|Gadus_chalcogrammus	100.000	53	80
U9;size=147	OR290806|Merluccius_gayi	96.552	58	80
U9;size=147	KX119494|Pollachius_virens	98.113	53	80
U9;size=147	KX119495|Pollachius_virens	98.113	53	80
U13;size=117	MW831011|Gadus_morhua	97.500	80	80
U13;size=117	ON545931|Gadus_morhua	97.500	80	80
U13;size=117	ON545937|Gadus_morhua	97.500	80	80
U13;size=117	ON545938|Gadus_morhua	97.500	80	80
U13;size=117	ON545957|Gadus_morhua	97.500	80	80
U13;size=117	ON545965|Gadus_morhua	97.500	80	80
U13;size=117	MZ407824|Gadus_morhua	97.500	80	80
U13;size=117	MZ407825|Gadus_morhua	97.500	80	80
U13;size=117	PP087981|Gadus_morhua	97.500	80	80
U13;size=117	PP087982|Gadus_morhua	97.500	80	80
U13;size=117	PP087983|Gadus_morhua	97.500	80	80
U13;size=117	PQ034651|Gadus_morhua	97.500	80	80
U13;size=117	PQ034652|Gadus_morhua	97.500	80	80
U13;size=117	PQ034653|Gadus_morhua	97.500	80	80
U13;size=117	PV541600|Gadus_morhua	97.500	80	80
U13;size=117	PZ676065|Gadus_morhua	97.500	80	80
U13;size=117	MZ097918|Gadus_chalcogrammus	97.500	80	80
U13;size=117	MZ097919|Gadus_chalcogrammus	97.500	80	80
U13;size=117	MZ097920|Gadus_chalcogrammus	97.500	80	80
U13;size=117	MZ097921|Gadus_chalcogrammus	97.500	80	80
U13;size=117	MZ097922|Gadus_chalcogrammus	97.500	80	80
U13;size=117	MZ097923|Gadus_chalcogrammus	97.500	80	80
U13;size=117	MZ097924|Gadus_chalcogrammus	97.500	80	80
U13;size=117	MZ097925|Gadus_chalcogrammus	97.500	80	80
U13;size=117	MZ097926|Gadus_chalcogrammus	97.500	80	80
U13;size=117	MZ407786|Gadus_chalcogrammus	97.500	80	80
U13;size=117	MW435038|Gadus_chalcogrammus	97.500	80	80
U13;size=117	MW435064|Gadus_chalcogrammus	97.500	80	80
U13;size=117	MW435065|Gadus_chalcogrammus	97.500	80	80
U13;size=117	MW435131|Gadus_chalcogrammus	97.500	80	80
U13;size=117	OQ442221|Gadus_chalcogrammus	97.500	80	80
U13;size=117	OQ932941|Gadus_chalcogrammus	97.500	80	80
U13;size=117	PV541582|Gadus_chalcogrammus	97.500	80	80
U13;size=117	PV541586|Gadus_chalcogrammus	97.500	80	80
U13;size=117	PV541612|Gadus_chalcogrammus	97.500	80	80
U13;size=117	PX398564|Gadus_chalcogrammus	97.500	80	80
U13;size=117	ON545935|Gadus_morhua	96.250	80	80
U13;size=117	MZ169750|Arctogadus_glacialis	96.250	80	80
U13;size=117	MZ169751|Arctogadus_glacialis	96.250	80	80
U13;size=117	MW435025|Arctogadus_glacialis	96.250	80	80
U13;size=117	MW435087|Arctogadus_glacialis	96.250	80	80
U13;size=117	MW435088|Arctogadus_glacialis	96.250	80	80
U13;size=117	MW435090|Arctogadus_glacialis	96.250	80	80
U13;size=117	MW435091|Arctogadus_glacialis	96.250	80	80
U13;size=117	MW435092|Arctogadus_glacialis	96.250	80	80
U13;size=117	MW435094|Arctogadus_glacialis	96.250	80	80
U13;size=117	MW435095|Arctogadus_glacialis	96.250	80	80
U13;size=117	MW435096|Arctogadus_glacialis	96.250	80	80
U13;size=117	MW435098|Arctogadus_glacialis	96.250	80	80
U13;size=117	MW435099|Arctogadus_glacialis	96.250	80	80
U15;size=103	MW831011|Gadus_morhua	98.750	80	80
U15;size=103	ON545931|Gadus_morhua	98.750	80	80
U15;size=103	ON545937|Gadus_morhua	98.750	80	80
U15;size=103	ON545938|Gadus_morhua	98.750	80	80
U15;size=103	ON545957|Gadus_morhua	98.750	80	80
U15;size=103	ON545965|Gadus_morhua	98.750	80	80
U15;size=103	MZ407824|Gadus_morhua	98.750	80	80
U15;size=103	MZ407825|Gadus_morhua	98.750	80	80
U15;size=103	PP087981|Gadus_morhua	98.750	80	80
U15;size=103	PP087982|Gadus_morhua	98.750	80	80
U15;size=103	PP087983|Gadus_morhua	98.750	80	80
U15;size=103	PQ034651|Gadus_morhua	98.750	80	80
U15;size=103	PQ034652|Gadus_morhua	98.750	80	80
U15;size=103	PQ034653|Gadus_morhua	98.750	80	80
U15;size=103	PV541600|Gadus_morhua	98.750	80	80
U15;size=103	PZ676065|Gadus_morhua	98.750	80	80
U15;size=103	MZ097918|Gadus_chalcogrammus	98.750	80	80
U15;size=103	MZ097919|Gadus_chalcogrammus	98.750	80	80
U15;size=103	MZ097920|Gadus_chalcogrammus	98.750	80	80
U15;size=103	MZ097921|Gadus_chalcogrammus	98.750	80	80
U15;size=103	MZ097922|Gadus_chalcogrammus	98.750	80	80
U15;size=103	MZ097923|Gadus_chalcogrammus	98.750	80	80
U15;size=103	MZ097924|Gadus_chalcogrammus	98.750	80	80
U15;size=103	MZ097925|Gadus_chalcogrammus	98.750	80	80
U15;size=103	MZ097926|Gadus_chalcogrammus	98.750	80	80
U15;size=103	MZ407786|Gadus_chalcogrammus	98.750	80	80
U15;size=103	MW435038|Gadus_chalcogrammus	98.750	80	80
U15;size=103	MW435064|Gadus_chalcogrammus	98.750	80	80
U15;size=103	MW435065|Gadus_chalcogrammus	98.750	80	80
U15;size=103	MW435131|Gadus_chalcogrammus	98.750	80	80
U15;size=103	OQ442221|Gadus_chalcogrammus	98.750	80	80
U15;size=103	OQ932941|Gadus_chalcogrammus	98.750	80	80
U15;size=103	PV541582|Gadus_chalcogrammus	98.750	80	80
U15;size=103	PV541586|Gadus_chalcogrammus	98.750	80	80
U15;size=103	PV541612|Gadus_chalcogrammus	98.750	80	80
U15;size=103	PX398564|Gadus_chalcogrammus	98.750	80	80
U15;size=103	ON545935|Gadus_morhua	97.500	80	80
U15;size=103	MZ169750|Arctogadus_glacialis	97.500	80	80
U15;size=103	MZ169751|Arctogadus_glacialis	97.500	80	80
U15;size=103	MW435025|Arctogadus_glacialis	97.500	80	80
U15;size=103	MW435087|Arctogadus_glacialis	97.500	80	80
U15;size=103	MW435088|Arctogadus_glacialis	97.500	80	80
U15;size=103	MW435090|Arctogadus_glacialis	97.500	80	80
U15;size=103	MW435091|Arctogadus_glacialis	97.500	80	80
U15;size=103	MW435092|Arctogadus_glacialis	97.500	80	80
U15;size=103	MW435094|Arctogadus_glacialis	97.500	80	80
U15;size=103	MW435095|Arctogadus_glacialis	97.500	80	80
U15;size=103	MW435096|Arctogadus_glacialis	97.500	80	80
U15;size=103	MW435098|Arctogadus_glacialis	97.500	80	80
U15;size=103	MW435099|Arctogadus_glacialis	97.500	80	80
U17;size=101	MW831011|Gadus_morhua	98.649	74	80
U17;size=101	ON545931|Gadus_morhua	98.649	74	80
U17;size=101	ON545937|Gadus_morhua	98.649	74	80
U17;size=101	ON545938|Gadus_morhua	98.649	74	80
U17;size=101	ON545957|Gadus_morhua	98.649	74	80
U17;size=101	ON545965|Gadus_morhua	98.649	74	80
U17;size=101	MZ407824|Gadus_morhua	98.649	74	80
U17;size=101	MZ407825|Gadus_morhua	98.649	74	80
U17;size=101	PP087981|Gadus_morhua	98.649	74	80
U17;size=101	PP087982|Gadus_morhua	98.649	74	80
U17;size=101	PP087983|Gadus_morhua	98.649	74	80
U17;size=101	PQ034651|Gadus_morhua	98.649	74	80
U17;size=101	PQ034652|Gadus_morhua	98.649	74	80
U17;size=101	PQ034653|Gadus_morhua	98.649	74	80
U17;size=101	PV541600|Gadus_morhua	98.649	74	80
U17;size=101	PZ676065|Gadus_morhua	98.649	74	80
U17;size=101	MZ097918|Gadus_chalcogrammus	98.649	74	80
U17;size=101	MZ097919|Gadus_chalcogrammus	98.649	74	80
U17;size=101	MZ097920|Gadus_chalcogrammus	98.649	74	80
U17;size=101	MZ097921|Gadus_chalcogrammus	98.649	74	80
U17;size=101	MZ097922|Gadus_chalcogrammus	98.649	74	80
U17;size=101	MZ097923|Gadus_chalcogrammus	98.649	74	80
U17;size=101	MZ097924|Gadus_chalcogrammus	98.649	74	80
U17;size=101	MZ097925|Gadus_chalcogrammus	98.649	74	80
U17;size=101	MZ097926|Gadus_chalcogrammus	98.649	74	80
U17;size=101	MZ407786|Gadus_chalcogrammus	98.649	74	80
U17;size=101	MW435038|Gadus_chalcogrammus	98.649	74	80
U17;size=101	MW435064|Gadus_chalcogrammus	98.649	74	80
U17;size=101	MW435065|Gadus_chalcogrammus	98.649	74	80
U17;size=101	MW435131|Gadus_chalcogrammus	98.649	74	80
U17;size=101	OQ442221|Gadus_chalcogrammus	98.649	74	80
U17;size=101	OQ932941|Gadus_chalcogrammus	98.649	74	80
U17;size=101	PV541582|Gadus_chalcogrammus	98.649	74	80
U17;size=101	PV541586|Gadus_chalcogrammus	98.649	74	80
U17;size=101	PV541612|Gadus_chalcogrammus	98.649	74	80
U17;size=101	PX398564|Gadus_chalcogrammus	98.649	74	80
U17;size=101	ON545935|Gadus_morhua	97.297	74	80
U17;size=101	MZ169750|Arctogadus_glacialis	97.297	74	80
U17;size=101	MZ169751|Arctogadus_glacialis	97.297	74	80
U17;size=101	MW435025|Arctogadus_glacialis	97.297	74	80
U17;size=101	MW435087|Arctogadus_glacialis	97.297	74	80
U17;size=101	MW435088|Arctogadus_glacialis	97.297	74	80
U17;size=101	MW435090|Arctogadus_glacialis	97.297	74	80
U17;size=101	MW435091|Arctogadus_glacialis	97.297	74	80
U17;size=101	MW435092|Arctogadus_glacialis	97.297	74	80
U17;size=101	MW435094|Arctogadus_glacialis	97.297	74	80
U17;size=101	MW435095|Arctogadus_glacialis	97.297	74	80
U17;size=101	MW435096|Arctogadus_glacialis	97.297	74	80
U17;size=101	MW435098|Arctogadus_glacialis	97.297	74	80
U17;size=101	MW435099|Arctogadus_glacialis	97.297	74	80
U19;size=97	LC146692|Pollachius_virens	97.143	70	80
U19;size=97	ON545935|Gadus_morhua	98.438	64	80
U19;size=97	ON545937|Gadus_morhua	98.438	64	80
U19;size=97	ON545957|Gadus_morhua	98.438	64	80
U19;size=97	OR290809|Merluccius_gayi	92.308	78	80
U19;size=97	OR290814|Merluccius_gayi	92.308	78	80
U19;size=97	OQ932941|Gadus_chalcogrammus	96.923	65	80
U19;size=97	MK241678|Pollachius_virens	96.875	64	80
U19;size=97	MK241680|Pollachius_virens	96.875	64	80
U19;size=97	OR290803|Merluccius_gayi	94.286	70	80
U19;size=97	PP087981|Gadus_morhua	100.000	56	80
U19;size=97	PP087982|Gadus_morhua	100.000	56	80
U19;size=97	PP087983|Gadus_morhua	100.000	56	80
U19;size=97	ON545931|Gadus_morhua	100.000	55	80
U19;size=97	ON545933|Gadus_morhua	100.000	55	80
U19;size=97	ON545938|Gadus_morhua	100.000	55	80
U19;size=97	MW435025|Arctogadus_glacialis	100.000	53	80
U19;size=97	MW435087|Arctogadus_glacialis	100.000	53	80
U19;size=97	MW435088|Arctogadus_glacialis	100.000	53	80
U19;size=97	MW435090|Arctogadus_glacialis	100.000	53	80
U19;size=97	MW435091|Arctogadus_glacialis	100.000	53	80
U19;size=97	MW435092|Arctogadus_glacialis	100.000	53	80
U19;size=97	MW435093|Arctogadus_glacialis	100.000	53	80
U19;size=97	MW435094|Arctogadus_glacialis	100.000	53	80
U19;size=97	MW435095|Arctogadus_glacialis	100.000	53	80
U19;size=97	MW435096|Arctogadus_glacialis	100.000	53	80
U19;size=97	MW435098|Arctogadus_glacialis	100.000	53	80
U19;size=97	MW435099|Arctogadus_glacialis	100.000	53	80
U19;size=97	MW435100|Arctogadus_glacialis	100.000	53	80
U19;size=97	MW435103|Arctogadus_glacialis	100.000	53	80
U19;size=97	MW435104|Arctogadus_glacialis	100.000	53	80
U19;size=97	MW435139|Arctogadus_glacialis	100.000	53	80
U19;size=97	MW435147|Arctogadus_glacialis	100.000	53	80
U19;size=97	PV496041|Arctogadus_glacialis	100.000	53	80
U19;size=97	MZ097918|Gadus_chalcogrammus	98.214	56	80
U19;size=97	MZ097919|Gadus_chalcogrammus	98.214	56	80
U19;size=97	MZ097920|Gadus_chalcogrammus	98.214	56	80
U19;size=97	MZ097921|Gadus_chalcogrammus	98.214	56	80
U19;size=97	MZ097922|Gadus_chalcogrammus	98.214	56	80
U19;size=97	MZ097923|Gadus_chalcogrammus	98.214	56	80
U19;size=97	MZ097924|Gadus_chalcogrammus	98.214	56	80
U19;size=97	MZ097925|Gadus_chalcogrammus	98.214	56	80
U19;size=97	MZ097926|Gadus_chalcogrammus	98.214	56	80
U19;size=97	MW435038|Gadus_chalcogrammus	100.000	53	80
U19;size=97	MW435064|Gadus_chalcogrammus	100.000	53	80
U19;size=97	MW435131|Gadus_chalcogrammus	100.000	53	80
U19;size=97	PX398564|Gadus_chalcogrammus	100.000	53	80
U19;size=97	OR290806|Merluccius_gayi	96.552	58	80
U19;size=97	OR290808|Merluccius_gayi	95.082	61	80
U19;size=97	KX119494|Pollachius_virens	98.113	53	80
U22;size=77	LC146692|Pollachius_virens	98.571	70	80
U22;size=77	ON545935|Gadus_morhua	98.438	64	80
U22;size=77	ON545937|Gadus_morhua	98.438	64	80
U22;size=77	ON545957|Gadus_morhua	98.438	64	80
U22;size=77	OR290809|Merluccius_gayi	92.308	78	80
U22;size=77	OR290814|Merluccius_gayi	92.308	78	80
U22;size=77	OQ932941|Gadus_chalcogrammus	96.923	65	80
U22;size=77	MK241678|Pollachius_virens	96.875	64	80
U22;size=77	MK241680|Pollachius_virens	96.875	64	80
U22;size=77	PP087981|Gadus_morhua	100.000	56	80
U22;size=77	PP087982|Gadus_morhua	100.000	56	80
U22;size=77	PP087983|Gadus_morhua	100.000	56	80
U22;size=77	OR290803|Merluccius_gayi	92.857	70	80
U22;size=77	ON545931|Gadus_morhua	100.000	55	80
U22;size=77	ON545933|Gadus_morhua	100.000	55	80
U22;size=77	ON545938|Gadus_morhua	100.000	55	80
U22;size=77	MW435025|Arctogadus_glacialis	100.000	53	80
U22;size=77	MW435087|Arctogadus_glacialis	100.000	53	80
U22;size=77	MW435088|Arctogadus_glacialis	100.000	53	80
U22;size=77	MW435090|Arctogadus_glacialis	100.000	53	80
U22;size=77	MW435091|Arctogadus_glacialis	100.000	53	80
U22;size=77	MW435092|Arctogadus_glacialis	100.000	53	80
U22;size=77	MW435093|Arctogadus_glacialis	100.000	53	80
U22;size=77	MW435094|Arctogadus_glacialis	100.000	53	80
U22;size=77	MW435095|Arctogadus_glacialis	100.000	53	80
U22;size=77	MW435096|Arctogadus_glacialis	100.000	53	80
U22;size=77	MW435098|Arctogadus_glacialis	100.000	53	80
U22;size=77	MW435099|Arctogadus_glacialis	100.000	53	80
U22;size=77	MW435100|Arctogadus_glacialis	100.000	53	80
U22;size=77	MW435103|Arctogadus_glacialis	100.000	53	80
U22;size=77	MW435104|Arctogadus_glacialis	100.000	53	80
U22;size=77	MW435139|Arctogadus_glacialis	100.000	53	80
U22;size=77	MW435147|Arctogadus_glacialis	100.000	53	80
U22;size=77	PV496041|Arctogadus_glacialis	100.000	53	80
U22;size=77	MZ097918|Gadus_chalcogrammus	98.214	56	80
U22;size=77	MZ097919|Gadus_chalcogrammus	98.214	56	80
U22;size=77	MZ097920|Gadus_chalcogrammus	98.214	56	80
U22;size=77	MZ097921|Gadus_chalcogrammus	98.214	56	80
U22;size=77	MZ097922|Gadus_chalcogrammus	98.214	56	80
U22;size=77	MZ097923|Gadus_chalcogrammus	98.214	56	80
U22;size=77	MZ097924|Gadus_chalcogrammus	98.214	56	80
U22;size=77	MZ097925|Gadus_chalcogrammus	98.214	56	80
U22;size=77	MZ097926|Gadus_chalcogrammus	98.214	56	80
U22;size=77	MW435038|Gadus_chalcogrammus	100.000	53	80
U22;size=77	MW435064|Gadus_chalcogrammus	100.000	53	80
U22;size=77	MW435131|Gadus_chalcogrammus	100.000	53	80
U22;size=77	PX398564|Gadus_chalcogrammus	100.000	53	80
U22;size=77	OR290806|Merluccius_gayi	96.552	58	80
U22;size=77	OR290808|Merluccius_gayi	95.082	61	80
U22;size=77	KX119494|Pollachius_virens	98.113	53	80
U23;size=74	MW831011|Gadus_morhua	98.701	77	80
U23;size=74	ON545931|Gadus_morhua	98.701	77	80
U23;size=74	ON545937|Gadus_morhua	98.701	77	80
U23;size=74	ON545938|Gadus_morhua	98.701	77	80
U23;size=74	ON545957|Gadus_morhua	98.701	77	80
U23;size=74	ON545965|Gadus_morhua	98.701	77	80
U23;size=74	MZ407824|Gadus_morhua	98.701	77	80
U23;size=74	MZ407825|Gadus_morhua	98.701	77	80
U23;size=74	PP087981|Gadus_morhua	98.701	77	80
U23;size=74	PP087982|Gadus_morhua	98.701	77	80
U23;size=74	PP087983|Gadus_morhua	98.701	77	80
U23;size=74	PQ034651|Gadus_morhua	98.701	77	80
U23;size=74	PQ034652|Gadus_morhua	98.701	77	80
U23;size=74	PQ034653|Gadus_morhua	98.701	77	80
U23;size=74	PV541600|Gadus_morhua	98.701	77	80
U23;size=74	PZ676065|Gadus_morhua	98.701	77	80
U23;size=74	MZ097918|Gadus_chalcogrammus	98.701	77	80
U23;size=74	MZ097919|Gadus_chalcogrammus	98.701	77	80
U23;size=74	MZ097920|Gadus_chalcogrammus	98.701	77	80
U23;size=74	MZ097921|Gadus_chalcogrammus	98.701	77	80
U23;size=74	MZ097922|Gadus_chalcogrammus	98.701	77	80
U23;size=74	MZ097923|Gadus_chalcogrammus	98.701	77	80
U23;size=74	MZ097924|Gadus_chalcogrammus	98.701	77	80
U23;size=74	MZ097925|Gadus_chalcogrammus	98.701	77	80
U23;size=74	MZ097926|Gadus_chalcogrammus	98.701	77	80
U23;size=74	MZ407786|Gadus_chalcogrammus	98.701	77	80
U23;size=74	MW435038|Gadus_chalcogrammus	98.701	77	80
U23;size=74	MW435064|Gadus_chalcogrammus	98.701	77	80
U23;size=74	MW435065|Gadus_chalcogrammus	98.701	77	80
U23;size=74	MW435131|Gadus_chalcogrammus	98.701	77	80
U23;size=74	OQ442221|Gadus_chalcogrammus	98.701	77	80
U23;size=74	OQ932941|Gadus_chalcogrammus	98.701	77	80
U23;size=74	PV541582|Gadus_chalcogrammus	98.701	77	80
U23;size=74	PV541586|Gadus_chalcogrammus	98.701	77	80
U23;size=74	PV541612|Gadus_chalcogrammus	98.701	77	80
U23;size=74	PX398564|Gadus_chalcogrammus	98.701	77	80
U23;size=74	ON545935|Gadus_morhua	97.403	77	80
U23;size=74	MZ169750|Arctogadus_glacialis	97.403	77	80
U23;size=74	MZ169751|Arctogadus_glacialis	97.403	77	80
U23;size=74	MW435025|Arctogadus_glacialis	97.403	77	80
U23;size=74	MW435087|Arctogadus_glacialis	97.403	77	80
U23;size=74	MW435088|Arctogadus_glacialis	97.403	77	80
U23;size=74	MW435090|Arctogadus_glacialis	97.403	77	80
U23;size=74	MW435091|Arctogadus_glacialis	97.403	77	80
U23;size=74	MW435092|Arctogadus_glacialis	97.403	77	80
U23;size=74	MW435094|Arctogadus_glacialis	97.403	77	80
U23;size=74	MW435095|Arctogadus_glacialis	97.403	77	80
U23;size=74	MW435096|Arctogadus_glacialis	97.403	77	80
U23;size=74	MW435098|Arctogadus_glacialis	97.403	77	80
U23;size=74	MW435099|Arctogadus_glacialis	97.403	77	80
U26;size=71	MW831011|Gadus_morhua	98.750	80	80
U26;size=71	ON545931|Gadus_morhua	98.750	80	80
U26;size=71	ON545937|Gadus_morhua	98.750	80	80
U26;size=71	ON545938|Gadus_morhua	98.750	80	80
U26;size=71	ON545957|Gadus_morhua	98.750	80	80
U26;size=71	ON545965|Gadus_morhua	98.750	80	80
U26;size=71	MZ407824|Gadus_morhua	98.750	80	80
U26;size=71	MZ407825|Gadus_morhua	98.750	80	80
U26;size=71	PP087981|Gadus_morhua	98.750	80	80
U26;size=71	PP087982|Gadus_morhua	98.750	80	80
U26;size=71	PP087983|Gadus_morhua	98.750	80	80
U26;size=71	PQ034651|Gadus_morhua	98.750	80	80
U26;size=71	PQ034652|Gadus_morhua	98.750	80	80
U26;size=71	PQ034653|Gadus_morhua	98.750	80	80
U26;size=71	PV541600|Gadus_morhua	98.750	80	80
U26;size=71	PZ676065|Gadus_morhua	98.750	80	80
U26;size=71	MZ097918|Gadus_chalcogrammus	98.750	80	80
U26;size=71	MZ097919|Gadus_chalcogrammus	98.750	80	80
U26;size=71	MZ097920|Gadus_chalcogrammus	98.750	80	80
U26;size=71	MZ097921|Gadus_chalcogrammus	98.750	80	80
U26;size=71	MZ097922|Gadus_chalcogrammus	98.750	80	80
U26;size=71	MZ097923|Gadus_chalcogrammus	98.750	80	80
U26;size=71	MZ097924|Gadus_chalcogrammus	98.750	80	80
U26;size=71	MZ097925|Gadus_chalcogrammus	98.750	80	80
U26;size=71	MZ097926|Gadus_chalcogrammus	98.750	80	80
U26;size=71	MZ407786|Gadus_chalcogrammus	98.750	80	80
U26;size=71	MW435038|Gadus_chalcogrammus	98.750	80	80
U26;size=71	MW435064|Gadus_chalcogrammus	98.750	80	80
U26;size=71	MW435065|Gadus_chalcogrammus	98.750	80	80
U26;size=71	MW435131|Gadus_chalcogrammus	98.750	80	80
U26;size=71	OQ442221|Gadus_chalcogrammus	98.750	80	80
U26;size=71	OQ932941|Gadus_chalcogrammus	98.750	80	80
U26;size=71	PV541582|Gadus_chalcogrammus	98.750	80	80
U26;size=71	PV541586|Gadus_chalcogrammus	98.750	80	80
U26;size=71	PV541612|Gadus_chalcogrammus	98.750	80	80
U26;size=71	PX398564|Gadus_chalcogrammus	98.750	80	80
U26;size=71	ON545935|Gadus_morhua	97.500	80	80
U26;size=71	MZ169750|Arctogadus_glacialis	97.500	80	80
U26;size=71	MZ169751|Arctogadus_glacialis	97.500	80	80
U26;size=71	MW435025|Arctogadus_glacialis	97.500	80	80
U26;size=71	MW435087|Arctogadus_glacialis	97.500	80	80
U26;size=71	MW435088|Arctogadus_glacialis	97.500	80	80
U26;size=71	MW435090|Arctogadus_glacialis	97.500	80	80
U26;size=71	MW435091|Arctogadus_glacialis	97.500	80	80
U26;size=71	MW435092|Arctogadus_glacialis	97.500	80	80
U26;size=71	MW435094|Arctogadus_glacialis	97.500	80	80
U26;size=71	MW435095|Arctogadus_glacialis	97.500	80	80
U26;size=71	MW435096|Arctogadus_glacialis	97.500	80	80
U26;size=71	MW435098|Arctogadus_glacialis	97.500	80	80
U26;size=71	MW435099|Arctogadus_glacialis	97.500	80	80
U25;size=69	MT833816|Sander_lucioperca	96.875	64	80
U25;size=69	ON097886|Sander_lucioperca	100.000	53	80
U25;size=69	ON934138|Sander_lucioperca	100.000	53	80
U25;size=69	PQ394796|Sander_lucioperca	100.000	53	80
U25;size=69	ON097742|Sander_lucioperca	100.000	52	80
U25;size=69	ON097303|Sander_lucioperca	100.000	52	80
U25;size=69	ON097642|Sander_lucioperca	100.000	51	80
U25;size=69	PV841528|Sander_lucioperca	100.000	48	80
U25;size=69	PV841529|Sander_lucioperca	100.000	48	80
U25;size=69	PV841530|Sander_lucioperca	100.000	48	80
U25;size=69	PV841531|Sander_lucioperca	100.000	48	80
U25;size=69	PV841532|Sander_lucioperca	100.000	48	80
U25;size=69	PV841533|Sander_lucioperca	100.000	48	80
U25;size=69	PV841534|Sander_lucioperca	100.000	48	80
U25;size=69	PV841535|Sander_lucioperca	100.000	48	80
U25;size=69	PV841536|Sander_lucioperca	100.000	48	80
U25;size=69	PV841537|Sander_lucioperca	100.000	48	80
U25;size=69	PV841538|Sander_lucioperca	100.000	48	80
U25;size=69	PV841539|Sander_lucioperca	100.000	48	80
U25;size=69	PP702697|Sander_lucioperca	100.000	32	80
U27;size=69	OR290809|Merluccius_gayi	94.872	78	80
U27;size=69	OR290814|Merluccius_gayi	94.872	78	80
U27;size=69	OQ932941|Gadus_chalcogrammus	98.462	65	80
U27;size=69	LC146692|Pollachius_virens	95.714	70	80
U27;size=69	MK241678|Pollachius_virens	98.438	64	80
U27;size=69	MK241680|Pollachius_virens	98.438	64	80
U27;size=69	OR290803|Merluccius_gayi	95.714	70	80
U27;size=69	ON545935|Gadus_morhua	96.875	64	80
U27;size=69	ON545937|Gadus_morhua	96.875	64	80
U27;size=69	ON545957|Gadus_morhua	96.875	64	80
U27;size=69	PP087981|Gadus_morhua	100.000	56	80
U27;size=69	PP087982|Gadus_morhua	100.000	56	80
U27;size=69	PP087983|Gadus_morhua	100.000	56	80
U27;size=69	ON545931|Gadus_morhua	100.000	55	80
U27;size=69	ON545933|Gadus_morhua	100.000	55	80
U27;size=69	ON545938|Gadus_morhua	100.000	55	80
U27;size=69	MW435025|Arctogadus_glacialis	100.000	53	80
U27;size=69	MW435087|Arctogadus_glacialis	100.000	53	80
U27;size=69	MW435088|Arctogadus_glacialis	100.000	53	80
U27;size=69	MW435090|Arctogadus_glacialis	100.000	53	80
U27;size=69	MW435091|Arctogadus_glacialis	100.000	53	80
U27;size=69	MW435092|Arctogadus_glacialis	100.000	53	80
U27;size=69	MW435093|Arctogadus_glacialis	100.000	53	80
U27;size=69	MW435094|Arctogadus_glacialis	100.000	53	80
U27;size=69	MW435095|Arctogadus_glacialis	100.000	53	80
U27;size=69	MW435096|Arctogadus_glacialis	100.000	53	80
U27;size=69	MW435098|Arctogadus_glacialis	100.000	53	80
U27;size=69	MW435099|Arctogadus_glacialis	100.000	53	80
U27;size=69	MW435100|Arctogadus_glacialis	100.000	53	80
U27;size=69	MW435103|Arctogadus_glacialis	100.000	53	80
U27;size=69	MW435104|Arctogadus_glacialis	100.000	53	80
U27;size=69	MW435139|Arctogadus_glacialis	100.000	53	80
U27;size=69	MW435147|Arctogadus_glacialis	100.000	53	80
U27;size=69	PV496041|Arctogadus_glacialis	100.000	53	80
U27;size=69	MZ097918|Gadus_chalcogrammus	98.214	56	80
U27;size=69	MZ097919|Gadus_chalcogrammus	98.214	56	80
U27;size=69	MZ097920|Gadus_chalcogrammus	98.214	56	80
U27;size=69	MZ097921|Gadus_chalcogrammus	98.214	56	80
U27;size=69	MZ097922|Gadus_chalcogrammus	98.214	56	80
U27;size=69	MZ097923|Gadus_chalcogrammus	98.214	56	80
U27;size=69	MZ097924|Gadus_chalcogrammus	98.214	56	80
U27;size=69	MZ097925|Gadus_chalcogrammus	98.214	56	80
U27;size=69	MZ097926|Gadus_chalcogrammus	98.214	56	80
U27;size=69	MW435038|Gadus_chalcogrammus	100.000	53	80
U27;size=69	MW435064|Gadus_chalcogrammus	100.000	53	80
U27;size=69	MW435131|Gadus_chalcogrammus	100.000	53	80
U27;size=69	PX398564|Gadus_chalcogrammus	100.000	53	80
U27;size=69	OR290806|Merluccius_gayi	96.552	58	80
U27;size=69	KX119494|Pollachius_virens	98.113	53	80
U27;size=69	KX119495|Pollachius_virens	98.113	53	80
U31;size=50	MZ169750|Arctogadus_glacialis	100.000	29	32
U31;size=50	MZ169751|Arctogadus_glacialis	100.000	29	32
U31;size=50	MW435025|Arctogadus_glacialis	100.000	29	32
U31;size=50	MW435087|Arctogadus_glacialis	100.000	29	32
U31;size=50	MW435088|Arctogadus_glacialis	100.000	29	32
U31;size=50	MW435090|Arctogadus_glacialis	100.000	29	32
U31;size=50	MW435091|Arctogadus_glacialis	100.000	29	32
U31;size=50	MW435092|Arctogadus_glacialis	100.000	29	32
U31;size=50	MW435093|Arctogadus_glacialis	100.000	29	32
U31;size=50	MW435094|Arctogadus_glacialis	100.000	29	32
U31;size=50	MW435095|Arctogadus_glacialis	100.000	29	32
U31;size=50	MW435096|Arctogadus_glacialis	100.000	29	32
U31;size=50	MW435098|Arctogadus_glacialis	100.000	29	32
U31;size=50	MW435099|Arctogadus_glacialis	100.000	29	32
U31;size=50	MW435100|Arctogadus_glacialis	100.000	29	32
U31;size=50	MW435103|Arctogadus_glacialis	100.000	29	32
U31;size=50	MW435104|Arctogadus_glacialis	100.000	29	32
U31;size=50	MW435139|Arctogadus_glacialis	100.000	29	32
U31;size=50	MW435147|Arctogadus_glacialis	100.000	29	32
U31;size=50	PV496041|Arctogadus_glacialis	100.000	29	32
U31;size=50	KX119494|Pollachius_virens	100.000	29	32
U31;size=50	KX119495|Pollachius_virens	100.000	29	32
U31;size=50	MG204955|Pollachius_virens	100.000	29	32
U31;size=50	MG204990|Pollachius_virens	100.000	29	32
U31;size=50	MG205000|Pollachius_virens	100.000	29	32
U31;size=50	MG205093|Pollachius_virens	100.000	29	32
U31;size=50	MG205101|Pollachius_virens	100.000	29	32
U31;size=50	MG205116|Pollachius_virens	100.000	29	32
U31;size=50	MG205128|Pollachius_virens	100.000	29	32
U31;size=50	MG205141|Pollachius_virens	100.000	29	32
U31;size=50	LC146692|Pollachius_virens	100.000	29	32
U31;size=50	MN893170|Pollachius_virens	100.000	29	32
U31;size=50	MK241678|Pollachius_virens	100.000	29	32
U31;size=50	MK241680|Pollachius_virens	100.000	29	32
U31;size=50	MT455166|Pollachius_virens	100.000	29	32
U31;size=50	PQ034643|Pollachius_virens	100.000	29	32
U31;size=50	PQ034644|Pollachius_virens	100.000	29	32
U31;size=50	PQ034645|Pollachius_virens	100.000	29	32
U31;size=50	PV496049|Pollachius_virens	100.000	29	32
U31;size=50	PV496050|Pollachius_virens	100.000	29	32
U31;size=50	MW829365|Gadus_morhua	100.000	29	32
U31;size=50	MW831011|Gadus_morhua	100.000	29	32
U31;size=50	ON545931|Gadus_morhua	100.000	29	32
U31;size=50	ON545933|Gadus_morhua	100.000	29	32
U31;size=50	ON545935|Gadus_morhua	100.000	29	32
U31;size=50	ON545937|Gadus_morhua	100.000	29	32
U31;size=50	ON545938|Gadus_morhua	100.000	29	32
U31;size=50	ON545957|Gadus_morhua	100.000	29	32
U31;size=50	ON545965|Gadus_morhua	100.000	29	32
U31;size=50	MZ407824|Gadus_morhua	100.000	29	32
U33;size=49	MW831011|Gadus_morhua	97.500	80	80
U33;size=49	ON545931|Gadus_morhua	97.500	80	80
U33;size=49	ON545937|Gadus_morhua	97.500	80	80
U33;size=49	ON545938|Gadus_morhua	97.500	80	80
U33;size=49	ON545957|Gadus_morhua	97.500	80	80
U33;size=49	ON545965|Gadus_morhua	97.500	80	80
U33;size=49	MZ407824|Gadus_morhua	97.500	80	80
U33;size=49	MZ407825|Gadus_morhua	97.500	80	80
U33;size=49	PP087981|Gadus_morhua	97.500	80	80
U33;size=49	PP087982|Gadus_morhua	97.500	80	80
U33;size=49	PP087983|Gadus_morhua	97.500	80	80
U33;size=49	PQ034651|Gadus_morhua	97.500	80	80
U33;size=49	PQ034652|Gadus_morhua	97.500	80	80
U33;size=49	PQ034653|Gadus_morhua	97.500	80	80
U33;size=49	PV541600|Gadus_morhua	97.500	80	80
U33;size=49	PZ676065|Gadus_morhua	97.500	80	80
U33;size=49	MZ097918|Gadus_chalcogrammus	97.500	80	80
U33;size=49	MZ097919|Gadus_chalcogrammus	97.500	80	80
U33;size=49	MZ097920|Gadus_chalcogrammus	97.500	80	80
U33;size=49	MZ097921|Gadus_chalcogrammus	97.500	80	80
U33;size=49	MZ097922|Gadus_chalcogrammus	97.500	80	80
U33;size=49	MZ097923|Gadus_chalcogrammus	97.500	80	80
U33;size=49	MZ097924|Gadus_chalcogrammus	97.500	80	80
U33;size=49	MZ097925|Gadus_chalcogrammus	97.500	80	80
U33;size=49	MZ097926|Gadus_chalcogrammus	97.500	80	80
U33;size=49	MZ407786|Gadus_chalcogrammus	97.500	80	80
U33;size=49	MW435038|Gadus_chalcogrammus	97.500	80	80
U33;size=49	MW435064|Gadus_chalcogrammus	97.500	80	80
U33;size=49	MW435065|Gadus_chalcogrammus	97.500	80	80
U33;size=49	MW435131|Gadus_chalcogrammus	97.500	80	80
U33;size=49	OQ442221|Gadus_chalcogrammus	97.500	80	80
U33;size=49	OQ932941|Gadus_chalcogrammus	97.500	80	80
U33;size=49	PV541582|Gadus_chalcogrammus	97.500	80	80
U33;size=49	PV541586|Gadus_chalcogrammus	97.500	80	80
U33;size=49	PV541612|Gadus_chalcogrammus	97.500	80	80
U33;size=49	PX398564|Gadus_chalcogrammus	97.500	80	80
U33;size=49	ON545935|Gadus_morhua	96.250	80	80
U33;size=49	MZ169750|Arctogadus_glacialis	96.250	80	80
U33;size=49	MZ169751|Arctogadus_glacialis	96.250	80	80
U33;size=49	MW435025|Arctogadus_glacialis	96.250	80	80
U33;size=49	MW435087|Arctogadus_glacialis	96.250	80	80
U33;size=49	MW435088|Arctogadus_glacialis	96.250	80	80
U33;size=49	MW435090|Arctogadus_glacialis	96.250	80	80
U33;size=49	MW435091|Arctogadus_glacialis	96.250	80	80
U33;size=49	MW435092|Arctogadus_glacialis	96.250	80	80
U33;size=49	MW435094|Arctogadus_glacialis	96.250	80	80
U33;size=49	MW435095|Arctogadus_glacialis	96.250	80	80
U33;size=49	MW435096|Arctogadus_glacialis	96.250	80	80
U33;size=49	MW435098|Arctogadus_glacialis	96.250	80	80
U33;size=49	MW435099|Arctogadus_glacialis	96.250	80	80
U32;size=48	MW831011|Gadus_morhua	100.000	80	80
U32;size=48	ON545931|Gadus_morhua	100.000	80	80
U32;size=48	ON545937|Gadus_morhua	100.000	80	80
U32;size=48	ON545938|Gadus_morhua	100.000	80	80
U32;size=48	ON545957|Gadus_morhua	100.000	80	80
U32;size=48	ON545965|Gadus_morhua	100.000	80	80
U32;size=48	MZ407824|Gadus_morhua	100.000	80	80
U32;size=48	MZ407825|Gadus_morhua	100.000	80	80
U32;size=48	PP087981|Gadus_morhua	100.000	80	80
U32;size=48	PP087982|Gadus_morhua	100.000	80	80
U32;size=48	PP087983|Gadus_morhua	100.000	80	80
U32;size=48	PQ034651|Gadus_morhua	100.000	80	80
U32;size=48	PQ034652|Gadus_morhua	100.000	80	80
U32;size=48	PQ034653|Gadus_morhua	100.000	80	80
U32;size=48	PV541600|Gadus_morhua	100.000	80	80
U32;size=48	PZ676065|Gadus_morhua	100.000	80	80
U32;size=48	MZ097918|Gadus_chalcogrammus	100.000	80	80
U32;size=48	MZ097919|Gadus_chalcogrammus	100.000	80	80
U32;size=48	MZ097920|Gadus_chalcogrammus	100.000	80	80
U32;size=48	MZ097921|Gadus_chalcogrammus	100.000	80	80
U32;size=48	MZ097922|Gadus_chalcogrammus	100.000	80	80
U32;size=48	MZ097923|Gadus_chalcogrammus	100.000	80	80
U32;size=48	MZ097924|Gadus_chalcogrammus	100.000	80	80
U32;size=48	MZ097925|Gadus_chalcogrammus	100.000	80	80
U32;size=48	MZ097926|Gadus_chalcogrammus	100.000	80	80
U32;size=48	MZ407786|Gadus_chalcogrammus	100.000	80	80
U32;size=48	MW435038|Gadus_chalcogrammus	100.000	80	80
U32;size=48	MW435064|Gadus_chalcogrammus	100.000	80	80
U32;size=48	MW435065|Gadus_chalcogrammus	100.000	80	80
U32;size=48	MW435131|Gadus_chalcogrammus	100.000	80	80
U32;size=48	OQ442221|Gadus_chalcogrammus	100.000	80	80
U32;size=48	OQ932941|Gadus_chalcogrammus	100.000	80	80
U32;size=48	PV541582|Gadus_chalcogrammus	100.000	80	80
U32;size=48	PV541586|Gadus_chalcogrammus	100.000	80	80
U32;size=48	PV541612|Gadus_chalcogrammus	100.000	80	80
U32;size=48	PX398564|Gadus_chalcogrammus	100.000	80	80
U32;size=48	ON545935|Gadus_morhua	98.750	80	80
U32;size=48	MZ169750|Arctogadus_glacialis	98.750	80	80
U32;size=48	MZ169751|Arctogadus_glacialis	98.750	80	80
U32;size=48	MW435025|Arctogadus_glacialis	98.750	80	80
U32;size=48	MW435087|Arctogadus_glacialis	98.750	80	80
U32;size=48	MW435088|Arctogadus_glacialis	98.750	80	80
U32;size=48	MW435090|Arctogadus_glacialis	98.750	80	80
U32;size=48	MW435091|Arctogadus_glacialis	98.750	80	80
U32;size=48	MW435092|Arctogadus_glacialis	98.750	80	80
U32;size=48	MW435094|Arctogadus_glacialis	98.750	80	80
U32;size=48	MW435095|Arctogadus_glacialis	98.750	80	80
U32;size=48	MW435096|Arctogadus_glacialis	98.750	80	80
U32;size=48	MW435098|Arctogadus_glacialis	98.750	80	80
U32;size=48	MW435099|Arctogadus_glacialis	98.750	80	80
U35;size=47	MW831011|Gadus_morhua	100.000	74	80
U35;size=47	ON545931|Gadus_morhua	100.000	74	80
U35;size=47	ON545937|Gadus_morhua	100.000	74	80
U35;size=47	ON545938|Gadus_morhua	100.000	74	80
U35;size=47	ON545957|Gadus_morhua	100.000	74	80
U35;size=47	ON545965|Gadus_morhua	100.000	74	80
U35;size=47	MZ407824|Gadus_morhua	100.000	74	80
U35;size=47	MZ407825|Gadus_morhua	100.000	74	80
U35;size=47	PP087981|Gadus_morhua	100.000	74	80
U35;size=47	PP087982|Gadus_morhua	100.000	74	80
U35;size=47	PP087983|Gadus_morhua	100.000	74	80
U35;size=47	PQ034651|Gadus_morhua	100.000	74	80
U35;size=47	PQ034652|Gadus_morhua	100.000	74	80
U35;size=47	PQ034653|Gadus_morhua	100.000	74	80
U35;size=47	PV541600|Gadus_morhua	100.000	74	80
U35;size=47	PZ676065|Gadus_morhua	100.000	74	80
U35;size=47	MZ097918|Gadus_chalcogrammus	100.000	74	80
U35;size=47	MZ097919|Gadus_chalcogrammus	100.000	74	80
U35;size=47	MZ097920|Gadus_chalcogrammus	100.000	74	80
U35;size=47	MZ097921|Gadus_chalcogrammus	100.000	74	80
U35;size=47	MZ097922|Gadus_chalcogrammus	100.000	74	80
U35;size=47	MZ097923|Gadus_chalcogrammus	100.000	74	80
U35;size=47	MZ097924|Gadus_chalcogrammus	100.000	74	80
U35;size=47	MZ097925|Gadus_chalcogrammus	100.000	74	80
U35;size=47	MZ097926|Gadus_chalcogrammus	100.000	74	80
U35;size=47	MZ407786|Gadus_chalcogrammus	100.000	74	80
U35;size=47	MW435038|Gadus_chalcogrammus	100.000	74	80
U35;size=47	MW435064|Gadus_chalcogrammus	100.000	74	80
U35;size=47	MW435065|Gadus_chalcogrammus	100.000	74	80
U35;size=47	MW435131|Gadus_chalcogrammus	100.000	74	80
U35;size=47	OQ442221|Gadus_chalcogrammus	100.000	74	80
U35;size=47	OQ932941|Gadus_chalcogrammus	100.000	74	80
U35;size=47	PV541582|Gadus_chalcogrammus	100.000	74	80
U35;size=47	PV541586|Gadus_chalcogrammus	100.000	74	80
U35;size=47	PV541612|Gadus_chalcogrammus	100.000	74	80
U35;size=47	PX398564|Gadus_chalcogrammus	100.000	74	80
U35;size=47	ON545935|Gadus_morhua	98.649	74	80
U35;size=47	MZ169750|Arctogadus_glacialis	98.649	74	80
U35;size=47	MZ169751|Arctogadus_glacialis	98.649	74	80
U35;size=47	MW435025|Arctogadus_glacialis	98.649	74	80
U35;size=47	MW435087|Arctogadus_glacialis	98.649	74	80
U35;size=47	MW435088|Arctogadus_glacialis	98.649	74	80
U35;size=47	MW435090|Arctogadus_glacialis	98.649	74	80
U35;size=47	MW435091|Arctogadus_glacialis	98.649	74	80
U35;size=47	MW435092|Arctogadus_glacialis	98.649	74	80
U35;size=47	MW435094|Arctogadus_glacialis	98.649	74	80
U35;size=47	MW435095|Arctogadus_glacialis	98.649	74	80
U35;size=47	MW435096|Arctogadus_glacialis	98.649	74	80
U35;size=47	MW435098|Arctogadus_glacialis	98.649	74	80
U35;size=47	MW435099|Arctogadus_glacialis	98.649	74	80
U34;size=45	MW831011|Gadus_morhua	98.649	74	80
U34;size=45	ON545931|Gadus_morhua	98.649	74	80
U34;size=45	ON545937|Gadus_morhua	98.649	74	80
U34;size=45	ON545938|Gadus_morhua	98.649	74	80
U34;size=45	ON545957|Gadus_morhua	98.649	74	80
U34;size=45	ON545965|Gadus_morhua	98.649	74	80
U34;size=45	MZ407824|Gadus_morhua	98.649	74	80
U34;size=45	MZ407825|Gadus_morhua	98.649	74	80
U34;size=45	PP087981|Gadus_morhua	98.649	74	80
U34;size=45	PP087982|Gadus_morhua	98.649	74	80
U34;size=45	PP087983|Gadus_morhua	98.649	74	80
U34;size=45	PQ034651|Gadus_morhua	98.649	74	80
U34;size=45	PQ034652|Gadus_morhua	98.649	74	80
U34;size=45	PQ034653|Gadus_morhua	98.649	74	80
U34;size=45	PV541600|Gadus_morhua	98.649	74	80
U34;size=45	PZ676065|Gadus_morhua	98.649	74	80
U34;size=45	MZ097918|Gadus_chalcogrammus	98.649	74	80
U34;size=45	MZ097919|Gadus_chalcogrammus	98.649	74	80
U34;size=45	MZ097920|Gadus_chalcogrammus	98.649	74	80
U34;size=45	MZ097921|Gadus_chalcogrammus	98.649	74	80
U34;size=45	MZ097922|Gadus_chalcogrammus	98.649	74	80
U34;size=45	MZ097923|Gadus_chalcogrammus	98.649	74	80
U34;size=45	MZ097924|Gadus_chalcogrammus	98.649	74	80
U34;size=45	MZ097925|Gadus_chalcogrammus	98.649	74	80
U34;size=45	MZ097926|Gadus_chalcogrammus	98.649	74	80
U34;size=45	MZ407786|Gadus_chalcogrammus	98.649	74	80
U34;size=45	MW435038|Gadus_chalcogrammus	98.649	74	80
U34;size=45	MW435064|Gadus_chalcogrammus	98.649	74	80
U34;size=45	MW435065|Gadus_chalcogrammus	98.649	74	80
U34;size=45	MW435131|Gadus_chalcogrammus	98.649	74	80
U34;size=45	OQ442221|Gadus_chalcogrammus	98.649	74	80
U34;size=45	OQ932941|Gadus_chalcogrammus	98.649	74	80
U34;size=45	PV541582|Gadus_chalcogrammus	98.649	74	80
U34;size=45	PV541586|Gadus_chalcogrammus	98.649	74	80
U34;size=45	PV541612|Gadus_chalcogrammus	98.649	74	80
U34;size=45	PX398564|Gadus_chalcogrammus	98.649	74	80
U34;size=45	ON545935|Gadus_morhua	97.297	74	80
U34;size=45	MZ169750|Arctogadus_glacialis	97.297	74	80
U34;size=45	MZ169751|Arctogadus_glacialis	97.297	74	80
U34;size=45	MW435025|Arctogadus_glacialis	97.297	74	80
U34;size=45	MW435087|Arctogadus_glacialis	97.297	74	80
U34;size=45	MW435088|Arctogadus_glacialis	97.297	74	80
U34;size=45	MW435090|Arctogadus_glacialis	97.297	74	80
U34;size=45	MW435091|Arctogadus_glacialis	97.297	74	80
U34;size=45	MW435092|Arctogadus_glacialis	97.297	74	80
U34;size=45	MW435094|Arctogadus_glacialis	97.297	74	80
U34;size=45	MW435095|Arctogadus_glacialis	97.297	74	80
U34;size=45	MW435096|Arctogadus_glacialis	97.297	74	80
U34;size=45	MW435098|Arctogadus_glacialis	97.297	74	80
U34;size=45	MW435099|Arctogadus_glacialis	97.297	74	80
U37;size=41	LC146692|Pollachius_virens	97.143	70	80
U37;size=41	OR290809|Merluccius_gayi	93.590	78	80
U37;size=41	OR290814|Merluccius_gayi	93.590	78	80
U37;size=41	ON545935|Gadus_morhua	98.438	64	80
U37;size=41	ON545937|Gadus_morhua	98.438	64	80
U37;size=41	ON545957|Gadus_morhua	98.438	64	80
U37;size=41	MK283725|Limanda_aspera	92.308	78	80
U37;size=41	OQ932941|Gadus_chalcogrammus	96.923	65	80
U37;size=41	MK241678|Pollachius_virens	96.875	64	80
U37;size=41	MK241680|Pollachius_virens	96.875	64	80
U37;size=41	OR290803|Merluccius_gayi	94.286	70	80
U37;size=41	PP087981|Gadus_morhua	100.000	56	80
U37;size=41	PP087982|Gadus_morhua	100.000	56	80
U37;size=41	PP087983|Gadus_morhua	100.000	56	80
U37;size=41	ON545931|Gadus_morhua	100.000	55	80
U37;size=41	ON545933|Gadus_morhua	100.000	55	80
U37;size=41	ON545938|Gadus_morhua	100.000	55	80
U37;size=41	MW435025|Arctogadus_glacialis	100.000	53	80
U37;size=41	MW435087|Arctogadus_glacialis	100.000	53	80
U37;size=41	MW435088|Arctogadus_glacialis	100.000	53	80
U37;size=41	MW435090|Arctogadus_glacialis	100.000	53	80
U37;size=41	MW435091|Arctogadus_glacialis	100.000	53	80
U37;size=41	MW435092|Arctogadus_glacialis	100.000	53	80
U37;size=41	MW435093|Arctogadus_glacialis	100.000	53	80
U37;size=41	MW435094|Arctogadus_glacialis	100.000	53	80
U37;size=41	MW435095|Arctogadus_glacialis	100.000	53	80
U37;size=41	MW435096|Arctogadus_glacialis	100.000	53	80
U37;size=41	MW435098|Arctogadus_glacialis	100.000	53	80
U37;size=41	MW435099|Arctogadus_glacialis	100.000	53	80
U37;size=41	MW435100|Arctogadus_glacialis	100.000	53	80
U37;size=41	MW435103|Arctogadus_glacialis	100.000	53	80
U37;size=41	MW435104|Arctogadus_glacialis	100.000	53	80
U37;size=41	MW435139|Arctogadus_glacialis	100.000	53	80
U37;size=41	MW435147|Arctogadus_glacialis	100.000	53	80
U37;size=41	PV496041|Arctogadus_glacialis	100.000	53	80
U37;size=41	MZ097918|Gadus_chalcogrammus	98.214	56	80
U37;size=41	MZ097919|Gadus_chalcogrammus	98.214	56	80
U37;size=41	MZ097920|Gadus_chalcogrammus	98.214	56	80
U37;size=41	MZ097921|Gadus_chalcogrammus	98.214	56	80
U37;size=41	MZ097922|Gadus_chalcogrammus	98.214	56	80
U37;size=41	MZ097923|Gadus_chalcogrammus	98.214	56	80
U37;size=41	MZ097924|Gadus_chalcogrammus	98.214	56	80
U37;size=41	MZ097925|Gadus_chalcogrammus	98.214	56	80
U37;size=41	MZ097926|Gadus_chalcogrammus	98.214	56	80
U37;size=41	MW435038|Gadus_chalcogrammus	100.000	53	80
U37;size=41	MW435064|Gadus_chalcogrammus	100.000	53	80
U37;size=41	MW435131|Gadus_chalcogrammus	100.000	53	80
U37;size=41	PX398564|Gadus_chalcogrammus	100.000	53	80
U37;size=41	OR290806|Merluccius_gayi	96.552	58	80
U37;size=41	OR290808|Merluccius_gayi	95.082	61	80
U40;size=37	MW831011|Gadus_morhua	100.000	77	80
U40;size=37	ON545931|Gadus_morhua	100.000	77	80
U40;size=37	ON545937|Gadus_morhua	100.000	77	80
U40;size=37	ON545938|Gadus_morhua	100.000	77	80
U40;size=37	ON545957|Gadus_morhua	100.000	77	80
U40;size=37	ON545965|Gadus_morhua	100.000	77	80
U40;size=37	MZ407824|Gadus_morhua	100.000	77	80
U40;size=37	MZ407825|Gadus_morhua	100.000	77	80
U40;size=37	PP087981|Gadus_morhua	100.000	77	80
U40;size=37	PP087982|Gadus_morhua	100.000	77	80
U40;size=37	PP087983|Gadus_morhua	100.000	77	80
U40;size=37	PQ034651|Gadus_morhua	100.000	77	80
U40;size=37	PQ034652|Gadus_morhua	100.000	77	80
U40;size=37	PQ034653|Gadus_morhua	100.000	77	80
U40;size=37	PV541600|Gadus_morhua	100.000	77	80
U40;size=37	PZ676065|Gadus_morhua	100.000	77	80
U40;size=37	MZ097918|Gadus_chalcogrammus	100.000	77	80
U40;size=37	MZ097919|Gadus_chalcogrammus	100.000	77	80
U40;size=37	MZ097920|Gadus_chalcogrammus	100.000	77	80
U40;size=37	MZ097921|Gadus_chalcogrammus	100.000	77	80
U40;size=37	MZ097922|Gadus_chalcogrammus	100.000	77	80
U40;size=37	MZ097923|Gadus_chalcogrammus	100.000	77	80
U40;size=37	MZ097924|Gadus_chalcogrammus	100.000	77	80
U40;size=37	MZ097925|Gadus_chalcogrammus	100.000	77	80
U40;size=37	MZ097926|Gadus_chalcogrammus	100.000	77	80
U40;size=37	MZ407786|Gadus_chalcogrammus	100.000	77	80
U40;size=37	MW435038|Gadus_chalcogrammus	100.000	77	80
U40;size=37	MW435064|Gadus_chalcogrammus	100.000	77	80
U40;size=37	MW435065|Gadus_chalcogrammus	100.000	77	80
U40;size=37	MW435131|Gadus_chalcogrammus	100.000	77	80
U40;size=37	OQ442221|Gadus_chalcogrammus	100.000	77	80
U40;size=37	OQ932941|Gadus_chalcogrammus	100.000	77	80
U40;size=37	PV541582|Gadus_chalcogrammus	100.000	77	80
U40;size=37	PV541586|Gadus_chalcogrammus	100.000	77	80
U40;size=37	PV541612|Gadus_chalcogrammus	100.000	77	80
U40;size=37	PX398564|Gadus_chalcogrammus	100.000	77	80
U40;size=37	ON545935|Gadus_morhua	98.701	77	80
U40;size=37	MZ169750|Arctogadus_glacialis	98.701	77	80
U40;size=37	MZ169751|Arctogadus_glacialis	98.701	77	80
U40;size=37	MW435025|Arctogadus_glacialis	98.701	77	80
U40;size=37	MW435087|Arctogadus_glacialis	98.701	77	80
U40;size=37	MW435088|Arctogadus_glacialis	98.701	77	80
U40;size=37	MW435090|Arctogadus_glacialis	98.701	77	80
U40;size=37	MW435091|Arctogadus_glacialis	98.701	77	80
U40;size=37	MW435092|Arctogadus_glacialis	98.701	77	80
U40;size=37	MW435094|Arctogadus_glacialis	98.701	77	80
U40;size=37	MW435095|Arctogadus_glacialis	98.701	77	80
U40;size=37	MW435096|Arctogadus_glacialis	98.701	77	80
U40;size=37	MW435098|Arctogadus_glacialis	98.701	77	80
U40;size=37	MW435099|Arctogadus_glacialis	98.701	77	80
U42;size=36	MT833816|Sander_lucioperca	95.312	64	80
U42;size=36	ON097886|Sander_lucioperca	100.000	53	80
U42;size=36	ON934138|Sander_lucioperca	100.000	53	80
U42;size=36	PQ394796|Sander_lucioperca	100.000	53	80
U42;size=36	ON097742|Sander_lucioperca	100.000	52	80
U42;size=36	ON097303|Sander_lucioperca	100.000	52	80
U42;size=36	ON097642|Sander_lucioperca	100.000	51	80
U42;size=36	PV841528|Sander_lucioperca	100.000	48	80
U42;size=36	PV841529|Sander_lucioperca	100.000	48	80
U42;size=36	PV841530|Sander_lucioperca	100.000	48	80
U42;size=36	PV841531|Sander_lucioperca	100.000	48	80
U42;size=36	PV841532|Sander_lucioperca	100.000	48	80
U42;size=36	PV841533|Sander_lucioperca	100.000	48	80
U42;size=36	PV841534|Sander_lucioperca	100.000	48	80
U42;size=36	PV841535|Sander_lucioperca	100.000	48	80
U42;size=36	PV841536|Sander_lucioperca	100.000	48	80
U42;size=36	PV841537|Sander_lucioperca	100.000	48	80
U42;size=36	PV841538|Sander_lucioperca	100.000	48	80
U42;size=36	PV841539|Sander_lucioperca	100.000	48	80
U42;size=36	PP702697|Sander_lucioperca	100.000	32	80
U43;size=29	MW831011|Gadus_morhua	97.500	80	80
U43;size=29	ON545931|Gadus_morhua	97.500	80	80
U43;size=29	ON545937|Gadus_morhua	97.500	80	80
U43;size=29	ON545938|Gadus_morhua	97.500	80	80
U43;size=29	ON545957|Gadus_morhua	97.500	80	80
U43;size=29	ON545965|Gadus_morhua	97.500	80	80
U43;size=29	MZ407824|Gadus_morhua	97.500	80	80
U43;size=29	MZ407825|Gadus_morhua	97.500	80	80
U43;size=29	PP087981|Gadus_morhua	97.500	80	80
U43;size=29	PP087982|Gadus_morhua	97.500	80	80
U43;size=29	PP087983|Gadus_morhua	97.500	80	80
U43;size=29	PQ034651|Gadus_morhua	97.500	80	80
U43;size=29	PQ034652|Gadus_morhua	97.500	80	80
U43;size=29	PQ034653|Gadus_morhua	97.500	80	80
U43;size=29	PV541600|Gadus_morhua	97.500	80	80
U43;size=29	PZ676065|Gadus_morhua	97.500	80	80
U43;size=29	MZ097918|Gadus_chalcogrammus	97.500	80	80
U43;size=29	MZ097919|Gadus_chalcogrammus	97.500	80	80
U43;size=29	MZ097920|Gadus_chalcogrammus	97.500	80	80
U43;size=29	MZ097921|Gadus_chalcogrammus	97.500	80	80
U43;size=29	MZ097922|Gadus_chalcogrammus	97.500	80	80
U43;size=29	MZ097923|Gadus_chalcogrammus	97.500	80	80
U43;size=29	MZ097924|Gadus_chalcogrammus	97.500	80	80
U43;size=29	MZ097925|Gadus_chalcogrammus	97.500	80	80
U43;size=29	MZ097926|Gadus_chalcogrammus	97.500	80	80
U43;size=29	MZ407786|Gadus_chalcogrammus	97.500	80	80
U43;size=29	MW435038|Gadus_chalcogrammus	97.500	80	80
U43;size=29	MW435064|Gadus_chalcogrammus	97.500	80	80
U43;size=29	MW435065|Gadus_chalcogrammus	97.500	80	80
U43;size=29	MW435131|Gadus_chalcogrammus	97.500	80	80
U43;size=29	OQ442221|Gadus_chalcogrammus	97.500	80	80
U43;size=29	OQ932941|Gadus_chalcogrammus	97.500	80	80
U43;size=29	PV541582|Gadus_chalcogrammus	97.500	80	80
U43;size=29	PV541586|Gadus_chalcogrammus	97.500	80	80
U43;size=29	PV541612|Gadus_chalcogrammus	97.500	80	80
U43;size=29	PX398564|Gadus_chalcogrammus	97.500	80	80
U43;size=29	ON545935|Gadus_morhua	96.250	80	80
U43;size=29	MZ169750|Arctogadus_glacialis	96.250	80	80
U43;size=29	MZ169751|Arctogadus_glacialis	96.250	80	80
U43;size=29	MW435025|Arctogadus_glacialis	96.250	80	80
U43;size=29	MW435087|Arctogadus_glacialis	96.250	80	80
U43;size=29	MW435088|Arctogadus_glacialis	96.250	80	80
U43;size=29	MW435090|Arctogadus_glacialis	96.250	80	80
U43;size=29	MW435091|Arctogadus_glacialis	96.250	80	80
U43;size=29	MW435092|Arctogadus_glacialis	96.250	80	80
U43;size=29	MW435094|Arctogadus_glacialis	96.250	80	80
U43;size=29	MW435095|Arctogadus_glacialis	96.250	80	80
U43;size=29	MW435096|Arctogadus_glacialis	96.250	80	80
U43;size=29	MW435098|Arctogadus_glacialis	96.250	80	80
U43;size=29	MW435099|Arctogadus_glacialis	96.250	80	80
U45;size=28	MT833816|Sander_lucioperca	96.875	64	80
U45;size=28	ON097886|Sander_lucioperca	100.000	53	80
U45;size=28	ON934138|Sander_lucioperca	100.000	53	80
U45;size=28	PQ394796|Sander_lucioperca	100.000	53	80
U45;size=28	ON097742|Sander_lucioperca	100.000	52	80
U45;size=28	ON097303|Sander_lucioperca	100.000	52	80
U45;size=28	ON097642|Sander_lucioperca	100.000	51	80
U45;size=28	PV841528|Sander_lucioperca	100.000	48	80
U45;size=28	PV841529|Sander_lucioperca	100.000	48	80
U45;size=28	PV841530|Sander_lucioperca	100.000	48	80
U45;size=28	PV841531|Sander_lucioperca	100.000	48	80
U45;size=28	PV841532|Sander_lucioperca	100.000	48	80
U45;size=28	PV841533|Sander_lucioperca	100.000	48	80
U45;size=28	PV841534|Sander_lucioperca	100.000	48	80
U45;size=28	PV841535|Sander_lucioperca	100.000	48	80
U45;size=28	PV841536|Sander_lucioperca	100.000	48	80
U45;size=28	PV841537|Sander_lucioperca	100.000	48	80
U45;size=28	PV841538|Sander_lucioperca	100.000	48	80
U45;size=28	PV841539|Sander_lucioperca	100.000	48	80
U45;size=28	PP702697|Sander_lucioperca	100.000	32	80
U46;size=28	MK283725|Limanda_aspera	100.000	30	32
U48;size=27	MZ169750|Arctogadus_glacialis	100.000	32	32
U48;size=27	MZ169751|Arctogadus_glacialis	100.000	32	32
U48;size=27	MW435025|Arctogadus_glacialis	100.000	32	32
U48;size=27	MW435087|Arctogadus_glacialis	100.000	32	32
U48;size=27	MW435088|Arctogadus_glacialis	100.000	32	32
U48;size=27	MW435090|Arctogadus_glacialis	100.000	32	32
U48;size=27	MW435091|Arctogadus_glacialis	100.000	32	32
U48;size=27	MW435092|Arctogadus_glacialis	100.000	32	32
U48;size=27	MW435093|Arctogadus_glacialis	100.000	32	32
U48;size=27	MW435094|Arctogadus_glacialis	100.000	32	32
U48;size=27	MW435095|Arctogadus_glacialis	100.000	32	32
U48;size=27	MW435096|Arctogadus_glacialis	100.000	32	32
U48;size=27	MW435098|Arctogadus_glacialis	100.000	32	32
U48;size=27	MW435099|Arctogadus_glacialis	100.000	32	32
U48;size=27	MW435100|Arctogadus_glacialis	100.000	32	32
U48;size=27	MW435103|Arctogadus_glacialis	100.000	32	32
U48;size=27	MW435104|Arctogadus_glacialis	100.000	32	32
U48;size=27	MW435139|Arctogadus_glacialis	100.000	32	32
U48;size=27	MW435147|Arctogadus_glacialis	100.000	32	32
U48;size=27	PV496041|Arctogadus_glacialis	100.000	32	32
U48;size=27	KX119494|Pollachius_virens	100.000	32	32
U48;size=27	KX119495|Pollachius_virens	100.000	32	32
U48;size=27	MG204955|Pollachius_virens	100.000	32	32
U48;size=27	MG204990|Pollachius_virens	100.000	32	32
U48;size=27	MG205000|Pollachius_virens	100.000	32	32
U48;size=27	MG205093|Pollachius_virens	100.000	32	32
U48;size=27	MG205101|Pollachius_virens	100.000	32	32
U48;size=27	MG205116|Pollachius_virens	100.000	32	32
U48;size=27	MG205128|Pollachius_virens	100.000	32	32
U48;size=27	MG205141|Pollachius_virens	100.000	32	32
U48;size=27	LC146692|Pollachius_virens	100.000	32	32
U48;size=27	MN893170|Pollachius_virens	100.000	32	32
U48;size=27	MK241678|Pollachius_virens	100.000	32	32
U48;size=27	MK241680|Pollachius_virens	100.000	32	32
U48;size=27	MT455166|Pollachius_virens	100.000	32	32
U48;size=27	PQ034643|Pollachius_virens	100.000	32	32
U48;size=27	PQ034644|Pollachius_virens	100.000	32	32
U48;size=27	PQ034645|Pollachius_virens	100.000	32	32
U48;size=27	PV496049|Pollachius_virens	100.000	32	32
U48;size=27	PV496050|Pollachius_virens	100.000	32	32
U48;size=27	MW829365|Gadus_morhua	100.000	32	32
U48;size=27	MW831011|Gadus_morhua	100.000	32	32
U48;size=27	ON545931|Gadus_morhua	100.000	32	32
U48;size=27	ON545933|Gadus_morhua	100.000	32	32
U48;size=27	ON545935|Gadus_morhua	100.000	32	32
U48;size=27	ON545937|Gadus_morhua	100.000	32	32
U48;size=27	ON545938|Gadus_morhua	100.000	32	32
U48;size=27	ON545957|Gadus_morhua	100.000	32	32
U48;size=27	ON545965|Gadus_morhua	100.000	32	32
U48;size=27	MZ407824|Gadus_morhua	100.000	32	32
U50;size=25	GU581264|Pollachius_virens	97.500	80	80
U50;size=25	AF420462|Gadus_morhua	97.500	80	80
U50;size=25	AY850363|Gadus_morhua	97.500	80	80
U50;size=25	AY141399|Gadus_morhua	97.500	80	80
U50;size=25	GU018116|Gadus_morhua	97.500	80	80
U50;size=25	GU931786|Gadus_morhua	97.500	80	80
U50;size=25	GU324163|Gadus_morhua	97.500	80	80
U50;size=25	JX121817|Gadus_morhua	97.500	80	80
U50;size=25	KJ128772|Gadus_morhua	97.500	80	80
U50;size=25	KJ128773|Gadus_morhua	97.500	80	80
U50;size=25	AF420461|Pollachius_virens	92.500	80	80
U50;size=25	FJ215186|Pollachius_virens	92.500	80	80
U50;size=25	AY800003|Gadus_chalcogrammus	92.500	80	80
U50;size=25	AY850362|Gadus_chalcogrammus	92.500	80	80
U50;size=25	FJ215192|Gadus_chalcogrammus	92.500	80	80
U50;size=25	GU581268|Gadus_chalcogrammus	92.500	80	80
U50;size=25	EF119324|Gadus_chalcogrammus	92.500	80	80
U50;size=25	EF119325|Gadus_chalcogrammus	92.500	80	80
U50;size=25	KJ010584|Gadus_chalcogrammus	92.500	80	80
U50;size=25	KJ010598|Gadus_chalcogrammus	92.500	80	80
U50;size=25	KJ010660|Gadus_chalcogrammus	92.500	80	80
U50;size=25	KJ010704|Gadus_chalcogrammus	92.500	80	80
U50;size=25	EU548199|Gadus_chalcogrammus	95.238	63	80
U50;size=25	EU548102|Gadus_chalcogrammus	93.651	63	80
U50;size=25	EU548198|Gadus_chalcogrammus	93.651	63	80
U51;size=25	MW831011|Gadus_morhua	100.000	74	80
U51;size=25	ON545931|Gadus_morhua	100.000	74	80
U51;size=25	ON545937|Gadus_morhua	100.000	74	80
U51;size=25	ON545938|Gadus_morhua	100.000	74	80
U51;size=25	ON545957|Gadus_morhua	100.000	74	80
U51;size=25	ON545965|Gadus_morhua	100.000	74	80
U51;size=25	MZ407824|Gadus_morhua	100.000	74	80
U51;size=25	MZ407825|Gadus_morhua	100.000	74	80
U51;size=25	PP087981|Gadus_morhua	100.000	74	80
U51;size=25	PP087982|Gadus_morhua	100.000	74	80
U51;size=25	PP087983|Gadus_morhua	100.000	74	80
U51;size=25	PQ034651|Gadus_morhua	100.000	74	80
U51;size=25	PQ034652|Gadus_morhua	100.000	74	80
U51;size=25	PQ034653|Gadus_morhua	100.000	74	80
U51;size=25	PV541600|Gadus_morhua	100.000	74	80
U51;size=25	PZ676065|Gadus_morhua	100.000	74	80
U51;size=25	MZ097918|Gadus_chalcogrammus	100.000	74	80
U51;size=25	MZ097919|Gadus_chalcogrammus	100.000	74	80
U51;size=25	MZ097920|Gadus_chalcogrammus	100.000	74	80
U51;size=25	MZ097921|Gadus_chalcogrammus	100.000	74	80
U51;size=25	MZ097922|Gadus_chalcogrammus	100.000	74	80
U51;size=25	MZ097923|Gadus_chalcogrammus	100.000	74	80
U51;size=25	MZ097924|Gadus_chalcogrammus	100.000	74	80
U51;size=25	MZ097925|Gadus_chalcogrammus	100.000	74	80
U51;size=25	MZ097926|Gadus_chalcogrammus	100.000	74	80
U51;size=25	MZ407786|Gadus_chalcogrammus	100.000	74	80
U51;size=25	MW435038|Gadus_chalcogrammus	100.000	74	80
U51;size=25	MW435064|Gadus_chalcogrammus	100.000	74	80
U51;size=25	MW435065|Gadus_chalcogrammus	100.000	74	80
U51;size=25	MW435131|Gadus_chalcogrammus	100.000	74	80
U51;size=25	OQ442221|Gadus_chalcogrammus	100.000	74	80
U51;size=25	OQ932941|Gadus_chalcogrammus	100.000	74	80
U51;size=25	PV541582|Gadus_chalcogrammus	100.000	74	80
U51;size=25	PV541586|Gadus_chalcogrammus	100.000	74	80
U51;size=25	PV541612|Gadus_chalcogrammus	100.000	74	80
U51;size=25	PX398564|Gadus_chalcogrammus	100.000	74	80
U51;size=25	ON545935|Gadus_morhua	98.649	74	80
U51;size=25	MZ169750|Arctogadus_glacialis	98.649	74	80
U51;size=25	MZ169751|Arctogadus_glacialis	98.649	74	80
U51;size=25	MW435025|Arctogadus_glacialis	98.649	74	80
U51;size=25	MW435087|Arctogadus_glacialis	98.649	74	80
U51;size=25	MW435088|Arctogadus_glacialis	98.649	74	80
U51;size=25	MW435090|Arctogadus_glacialis	98.649	74	80
U51;size=25	MW435091|Arctogadus_glacialis	98.649	74	80
U51;size=25	MW435092|Arctogadus_glacialis	98.649	74	80
U51;size=25	MW435094|Arctogadus_glacialis	98.649	74	80
U51;size=25	MW435095|Arctogadus_glacialis	98.649	74	80
U51;size=25	MW435096|Arctogadus_glacialis	98.649	74	80
U51;size=25	MW435098|Arctogadus_glacialis	98.649	74	80
U51;size=25	MW435099|Arctogadus_glacialis	98.649	74	80
U54;size=25	ON097886|Sander_lucioperca	100.000	80	80
U54;size=25	ON097303|Sander_lucioperca	100.000	80	80
U54;size=25	MT833816|Sander_lucioperca	98.750	80	80
U54;size=25	ON097642|Sander_lucioperca	98.750	80	80
U54;size=25	ON097742|Sander_lucioperca	98.750	80	80
U54;size=25	ON934138|Sander_lucioperca	98.750	80	80
U54;size=25	PQ394796|Sander_lucioperca	98.750	80	80
U54;size=25	PP702697|Sander_lucioperca	98.750	80	80
U54;size=25	PV841528|Sander_lucioperca	98.750	80	80
U54;size=25	PV841529|Sander_lucioperca	98.750	80	80
U54;size=25	PV841530|Sander_lucioperca	98.750	80	80
U54;size=25	PV841531|Sander_lucioperca	98.750	80	80
U54;size=25	PV841532|Sander_lucioperca	98.750	80	80
U54;size=25	PV841533|Sander_lucioperca	98.750	80	80
U54;size=25	PV841534|Sander_lucioperca	98.750	80	80
U54;size=25	PV841535|Sander_lucioperca	98.750	80	80
U54;size=25	PV841536|Sander_lucioperca	98.750	80	80
U54;size=25	PV841537|Sander_lucioperca	98.750	80	80
U54;size=25	PV841538|Sander_lucioperca	98.750	80	80
U54;size=25	PV841539|Sander_lucioperca	98.750	80	80
U53;size=23	MT833816|Sander_lucioperca	96.875	64	80
U53;size=23	ON097886|Sander_lucioperca	100.000	53	80
U53;size=23	ON934138|Sander_lucioperca	100.000	53	80
U53;size=23	PQ394796|Sander_lucioperca	100.000	53	80
U53;size=23	ON097742|Sander_lucioperca	100.000	52	80
U53;size=23	ON097303|Sander_lucioperca	100.000	52	80
U53;size=23	ON097642|Sander_lucioperca	100.000	51	80
U53;size=23	PV841528|Sander_lucioperca	100.000	48	80
U53;size=23	PV841529|Sander_lucioperca	100.000	48	80
U53;size=23	PV841530|Sander_lucioperca	100.000	48	80
U53;size=23	PV841531|Sander_lucioperca	100.000	48	80
U53;size=23	PV841532|Sander_lucioperca	100.000	48	80
U53;size=23	PV841533|Sander_lucioperca	100.000	48	80
U53;size=23	PV841534|Sander_lucioperca	100.000	48	80
U53;size=23	PV841535|Sander_lucioperca	100.000	48	80
U53;size=23	PV841536|Sander_lucioperca	100.000	48	80
U53;size=23	PV841537|Sander_lucioperca	100.000	48	80
U53;size=23	PV841538|Sander_lucioperca	100.000	48	80
U53;size=23	PV841539|Sander_lucioperca	100.000	48	80
U53;size=23	PP702697|Sander_lucioperca	100.000	32	80
U61;size=22	MT833816|Sander_lucioperca	97.500	80	80
U61;size=22	ON097642|Sander_lucioperca	97.500	80	80
U61;size=22	ON097742|Sander_lucioperca	97.500	80	80
U61;size=22	ON934138|Sander_lucioperca	97.500	80	80
U61;size=22	PQ394796|Sander_lucioperca	97.500	80	80
U61;size=22	PP702697|Sander_lucioperca	97.500	80	80
U61;size=22	PV841528|Sander_lucioperca	97.500	80	80
U61;size=22	PV841529|Sander_lucioperca	97.500	80	80
U61;size=22	PV841530|Sander_lucioperca	97.500	80	80
U61;size=22	PV841531|Sander_lucioperca	97.500	80	80
U61;size=22	PV841532|Sander_lucioperca	97.500	80	80
U61;size=22	PV841533|Sander_lucioperca	97.500	80	80
U61;size=22	PV841534|Sander_lucioperca	97.500	80	80
U61;size=22	PV841535|Sander_lucioperca	97.500	80	80
U61;size=22	PV841536|Sander_lucioperca	97.500	80	80
U61;size=22	PV841537|Sander_lucioperca	97.500	80	80
U61;size=22	PV841538|Sander_lucioperca	97.500	80	80
U61;size=22	PV841539|Sander_lucioperca	97.500	80	80
U61;size=22	ON097886|Sander_lucioperca	96.250	80	80
U61;size=22	ON097303|Sander_lucioperca	96.250	80	80
U60;size=20	MW831011|Gadus_morhua	98.750	80	80
U60;size=20	ON545931|Gadus_morhua	98.750	80	80
U60;size=20	ON545937|Gadus_morhua	98.750	80	80
U60;size=20	ON545938|Gadus_morhua	98.750	80	80
U60;size=20	ON545957|Gadus_morhua	98.750	80	80
U60;size=20	ON545965|Gadus_morhua	98.750	80	80
U60;size=20	MZ407824|Gadus_morhua	98.750	80	80
U60;size=20	MZ407825|Gadus_morhua	98.750	80	80
U60;size=20	PP087981|Gadus_morhua	98.750	80	80
U60;size=20	PP087982|Gadus_morhua	98.750	80	80
U60;size=20	PP087983|Gadus_morhua	98.750	80	80
U60;size=20	PQ034651|Gadus_morhua	98.750	80	80
U60;size=20	PQ034652|Gadus_morhua	98.750	80	80
U60;size=20	PQ034653|Gadus_morhua	98.750	80	80
U60;size=20	PV541600|Gadus_morhua	98.750	80	80
U60;size=20	PZ676065|Gadus_morhua	98.750	80	80
U60;size=20	MZ097918|Gadus_chalcogrammus	98.750	80	80
U60;size=20	MZ097919|Gadus_chalcogrammus	98.750	80	80
U60;size=20	MZ097920|Gadus_chalcogrammus	98.750	80	80
U60;size=20	MZ097921|Gadus_chalcogrammus	98.750	80	80
U60;size=20	MZ097922|Gadus_chalcogrammus	98.750	80	80
U60;size=20	MZ097923|Gadus_chalcogrammus	98.750	80	80
U60;size=20	MZ097924|Gadus_chalcogrammus	98.750	80	80
U60;size=20	MZ097925|Gadus_chalcogrammus	98.750	80	80
U60;size=20	MZ097926|Gadus_chalcogrammus	98.750	80	80
U60;size=20	MZ407786|Gadus_chalcogrammus	98.750	80	80
U60;size=20	MW435038|Gadus_chalcogrammus	98.750	80	80
U60;size=20	MW435064|Gadus_chalcogrammus	98.750	80	80
U60;size=20	MW435065|Gadus_chalcogrammus	98.750	80	80
U60;size=20	MW435131|Gadus_chalcogrammus	98.750	80	80
U60;size=20	OQ442221|Gadus_chalcogrammus	98.750	80	80
U60;size=20	OQ932941|Gadus_chalcogrammus	98.750	80	80
U60;size=20	PV541582|Gadus_chalcogrammus	98.750	80	80
U60;size=20	PV541586|Gadus_chalcogrammus	98.750	80	80
U60;size=20	PV541612|Gadus_chalcogrammus	98.750	80	80
U60;size=20	PX398564|Gadus_chalcogrammus	98.750	80	80
U60;size=20	ON545935|Gadus_morhua	97.500	80	80
U60;size=20	MZ169750|Arctogadus_glacialis	97.500	80	80
U60;size=20	MZ169751|Arctogadus_glacialis	97.500	80	80
U60;size=20	MW435025|Arctogadus_glacialis	97.500	80	80
U60;size=20	MW435087|Arctogadus_glacialis	97.500	80	80
U60;size=20	MW435088|Arctogadus_glacialis	97.500	80	80
U60;size=20	MW435090|Arctogadus_glacialis	97.500	80	80
U60;size=20	MW435091|Arctogadus_glacialis	97.500	80	80
U60;size=20	MW435092|Arctogadus_glacialis	97.500	80	80
U60;size=20	MW435094|Arctogadus_glacialis	97.500	80	80
U60;size=20	MW435095|Arctogadus_glacialis	97.500	80	80
U60;size=20	MW435096|Arctogadus_glacialis	97.500	80	80
U60;size=20	MW435098|Arctogadus_glacialis	97.500	80	80
U60;size=20	MW435099|Arctogadus_glacialis	97.500	80	80
U63;size=17	MT833816|Sander_lucioperca	96.875	64	80
U63;size=17	ON097886|Sander_lucioperca	100.000	53	80
U63;size=17	ON934138|Sander_lucioperca	100.000	53	80
U63;size=17	PQ394796|Sander_lucioperca	100.000	53	80
U63;size=17	ON097742|Sander_lucioperca	100.000	52	80
U63;size=17	ON097303|Sander_lucioperca	100.000	52	80
U63;size=17	ON097642|Sander_lucioperca	100.000	51	80
U63;size=17	PV841528|Sander_lucioperca	100.000	48	80
U63;size=17	PV841529|Sander_lucioperca	100.000	48	80
U63;size=17	PV841530|Sander_lucioperca	100.000	48	80
U63;size=17	PV841531|Sander_lucioperca	100.000	48	80
U63;size=17	PV841532|Sander_lucioperca	100.000	48	80
U63;size=17	PV841533|Sander_lucioperca	100.000	48	80
U63;size=17	PV841534|Sander_lucioperca	100.000	48	80
U63;size=17	PV841535|Sander_lucioperca	100.000	48	80
U63;size=17	PV841536|Sander_lucioperca	100.000	48	80
U63;size=17	PV841537|Sander_lucioperca	100.000	48	80
U63;size=17	PV841538|Sander_lucioperca	100.000	48	80
U63;size=17	PV841539|Sander_lucioperca	100.000	48	80
U63;size=17	PP702697|Sander_lucioperca	100.000	32	80
U65;size=16	MT833816|Sander_lucioperca	98.649	74	80
U65;size=16	ON097642|Sander_lucioperca	98.649	74	80
U65;size=16	ON097742|Sander_lucioperca	98.649	74	80
U65;size=16	ON934138|Sander_lucioperca	98.649	74	80
U65;size=16	PQ394796|Sander_lucioperca	98.649	74	80
U65;size=16	PP702697|Sander_lucioperca	98.649	74	80
U65;size=16	PV841528|Sander_lucioperca	98.649	74	80
U65;size=16	PV841529|Sander_lucioperca	98.649	74	80
U65;size=16	PV841530|Sander_lucioperca	98.649	74	80
U65;size=16	PV841531|Sander_lucioperca	98.649	74	80
U65;size=16	PV841532|Sander_lucioperca	98.649	74	80
U65;size=16	PV841533|Sander_lucioperca	98.649	74	80
U65;size=16	PV841534|Sander_lucioperca	98.649	74	80
U65;size=16	PV841535|Sander_lucioperca	98.649	74	80
U65;size=16	PV841536|Sander_lucioperca	98.649	74	80
U65;size=16	PV841537|Sander_lucioperca	98.649	74	80
U65;size=16	PV841538|Sander_lucioperca	98.649	74	80
U65;size=16	PV841539|Sander_lucioperca	98.649	74	80
U65;size=16	ON097886|Sander_lucioperca	97.297	74	80
U65;size=16	ON097303|Sander_lucioperca	97.297	74	80
U72;size=15	MT833816|Sander_lucioperca	95.312	64	80
U72;size=15	ON097886|Sander_lucioperca	100.000	53	80
U72;size=15	ON934138|Sander_lucioperca	100.000	53	80
U72;size=15	PQ394796|Sander_lucioperca	100.000	53	80
U72;size=15	ON097742|Sander_lucioperca	100.000	52	80
U72;size=15	ON097303|Sander_lucioperca	100.000	52	80
U72;size=15	ON097642|Sander_lucioperca	100.000	51	80
U72;size=15	PV841528|Sander_lucioperca	100.000	48	80
U72;size=15	PV841529|Sander_lucioperca	100.000	48	80
U72;size=15	PV841530|Sander_lucioperca	100.000	48	80
U72;size=15	PV841531|Sander_lucioperca	100.000	48	80
U72;size=15	PV841532|Sander_lucioperca	100.000	48	80
U72;size=15	PV841533|Sander_lucioperca	100.000	48	80
U72;size=15	PV841534|Sander_lucioperca	100.000	48	80
U72;size=15	PV841535|Sander_lucioperca	100.000	48	80
U72;size=15	PV841536|Sander_lucioperca	100.000	48	80
U72;size=15	PV841537|Sander_lucioperca	100.000	48	80
U72;size=15	PV841538|Sander_lucioperca	100.000	48	80
U72;size=15	PV841539|Sander_lucioperca	100.000	48	80
U72;size=15	PP702697|Sander_lucioperca	100.000	32	80
U75;size=12	MT833816|Sander_lucioperca	100.000	80	80
U75;size=12	ON097642|Sander_lucioperca	100.000	80	80
U75;size=12	ON097742|Sander_lucioperca	100.000	80	80
U75;size=12	ON934138|Sander_lucioperca	100.000	80	80
U75;size=12	PQ394796|Sander_lucioperca	100.000	80	80
U75;size=12	PP702697|Sander_lucioperca	100.000	80	80
U75;size=12	PV841528|Sander_lucioperca	100.000	80	80
U75;size=12	PV841529|Sander_lucioperca	100.000	80	80
U75;size=12	PV841530|Sander_lucioperca	100.000	80	80
U75;size=12	PV841531|Sander_lucioperca	100.000	80	80
U75;size=12	PV841532|Sander_lucioperca	100.000	80	80
U75;size=12	PV841533|Sander_lucioperca	100.000	80	80
U75;size=12	PV841534|Sander_lucioperca	100.000	80	80
U75;size=12	PV841535|Sander_lucioperca	100.000	80	80
U75;size=12	PV841536|Sander_lucioperca	100.000	80	80
U75;size=12	PV841537|Sander_lucioperca	100.000	80	80
U75;size=12	PV841538|Sander_lucioperca	100.000	80	80
U75;size=12	PV841539|Sander_lucioperca	100.000	80	80
U75;size=12	ON097886|Sander_lucioperca	98.750	80	80
U75;size=12	ON097303|Sander_lucioperca	98.750	80	80
U75;size=12	EU074477|Merluccius_hubbsi	90.000	80	80
U75;size=12	EU074478|Merluccius_hubbsi	90.000	80	80
U75;size=12	GU324174|Merluccius_hubbsi	90.000	80	80
U75;size=12	JQ365421|Merluccius_hubbsi	90.000	80	80
U75;size=12	GU702478|Merluccius_hubbsi	90.000	80	80
U75;size=12	GU702479|Merluccius_hubbsi	90.000	80	80
U75;size=12	GU702480|Merluccius_hubbsi	90.000	80	80
U75;size=12	KF597037|Merluccius_hubbsi	90.000	80	80
U75;size=12	KJ467522|Merluccius_hubbsi	90.000	80	80
U75;size=12	KP975780|Merluccius_hubbsi	90.000	80	80
U75;size=12	KP975782|Merluccius_hubbsi	90.000	80	80
U75;size=12	GQ988401|Merluccius_hubbsi	90.000	80	80
U75;size=12	HM421964|Merluccius_hubbsi	90.000	80	80
U75;size=12	HM421965|Merluccius_hubbsi	90.000	80	80
U75;size=12	HM421966|Merluccius_hubbsi	90.000	80	80
U75;size=12	HM421967|Merluccius_hubbsi	90.000	80	80
U75;size=12	HM421968|Merluccius_hubbsi	90.000	80	80
U75;size=12	HM421969|Merluccius_hubbsi	90.000	80	80
U75;size=12	HM421970|Merluccius_hubbsi	90.000	80	80
U75;size=12	HM421971|Merluccius_hubbsi	90.000	80	80
U75;size=12	EU074468|Merluccius_australis	90.000	80	80
U75;size=12	KF597039|Merluccius_australis	90.000	80	80
U75;size=12	KJ467513|Merluccius_australis	90.000	80	80
U75;size=12	KM255095|Merluccius_australis	90.000	80	80
U75;size=12	KM255096|Merluccius_australis	90.000	80	80
U75;size=12	KM255097|Merluccius_australis	90.000	80	80
U75;size=12	KM255098|Merluccius_australis	90.000	80	80
U75;size=12	KM255099|Merluccius_australis	90.000	80	80
U75;size=12	KM255100|Merluccius_australis	90.000	80	80
U75;size=12	KM255101|Merluccius_australis	90.000	80	80
U76;size=12	MT833816|Sander_lucioperca	95.312	64	80
U76;size=12	ON097886|Sander_lucioperca	100.000	53	80
U76;size=12	ON934138|Sander_lucioperca	100.000	53	80
U76;size=12	PQ394796|Sander_lucioperca	100.000	53	80
U76;size=12	ON097742|Sander_lucioperca	100.000	52	80
U76;size=12	ON097303|Sander_lucioperca	100.000	52	80
U76;size=12	ON097642|Sander_lucioperca	100.000	51	80
U76;size=12	PV841528|Sander_lucioperca	100.000	48	80
U76;size=12	PV841529|Sander_lucioperca	100.000	48	80
U76;size=12	PV841530|Sander_lucioperca	100.000	48	80
U76;size=12	PV841531|Sander_lucioperca	100.000	48	80
U76;size=12	PV841532|Sander_lucioperca	100.000	48	80
U76;size=12	PV841533|Sander_lucioperca	100.000	48	80
U76;size=12	PV841534|Sander_lucioperca	100.000	48	80
U76;size=12	PV841535|Sander_lucioperca	100.000	48	80
U76;size=12	PV841536|Sander_lucioperca	100.000	48	80
U76;size=12	PV841537|Sander_lucioperca	100.000	48	80
U76;size=12	PV841538|Sander_lucioperca	100.000	48	80
U76;size=12	PV841539|Sander_lucioperca	100.000	48	80
U76;size=12	PP702697|Sander_lucioperca	100.000	32	80
U84;size=11	GU581264|Pollachius_virens	97.403	77	80
U84;size=11	FJ215186|Pollachius_virens	97.403	77	80
U84;size=11	KJ128866|Pollachius_virens	97.403	77	80
U84;size=11	KJ128867|Pollachius_virens	97.403	77	80
U84;size=11	AY850363|Gadus_morhua	97.403	77	80
U84;size=11	AY141399|Gadus_morhua	97.403	77	80
U84;size=11	GU018116|Gadus_morhua	97.403	77	80
U84;size=11	GU931786|Gadus_morhua	97.403	77	80
U84;size=11	GU324163|Gadus_morhua	97.403	77	80
U84;size=11	JX121817|Gadus_morhua	97.403	77	80
U84;size=11	KJ128772|Gadus_morhua	97.403	77	80
U84;size=11	KJ128773|Gadus_morhua	97.403	77	80
U84;size=11	AY850362|Gadus_chalcogrammus	97.403	77	80
U84;size=11	GU581268|Gadus_chalcogrammus	97.403	77	80
U84;size=11	EF119324|Gadus_chalcogrammus	97.403	77	80
U84;size=11	EF119325|Gadus_chalcogrammus	97.403	77	80
U84;size=11	KJ010584|Gadus_chalcogrammus	97.403	77	80
U84;size=11	KJ010598|Gadus_chalcogrammus	97.403	77	80
U84;size=11	KJ010660|Gadus_chalcogrammus	97.403	77	80
U84;size=11	KJ010704|Gadus_chalcogrammus	97.403	77	80
U84;size=11	AY800003|Gadus_chalcogrammus	98.630	73	80
U84;size=11	FJ215192|Gadus_chalcogrammus	93.506	77	80
U84;size=11	AF420461|Pollachius_virens	100.000	57	80
U84;size=11	AF420462|Gadus_morhua	100.000	57	80
U84;size=11	EU548102|Gadus_chalcogrammus	100.000	51	80
U84;size=11	EU548198|Gadus_chalcogrammus	100.000	51	80
U84;size=11	EU548199|Gadus_chalcogrammus	100.000	51	80
U86;size=11	MT833816|Sander_lucioperca	98.750	80	80
U86;size=11	ON097642|Sander_lucioperca	98.750	80	80
U86;size=11	ON097742|Sander_lucioperca	98.750	80	80
U86;size=11	ON934138|Sander_lucioperca	98.750	80	80
U86;size=11	PQ394796|Sander_lucioperca	98.750	80	80
U86;size=11	PP702697|Sander_lucioperca	98.750	80	80
U86;size=11	PV841528|Sander_lucioperca	98.750	80	80
U86;size=11	PV841529|Sander_lucioperca	98.750	80	80
U86;size=11	PV841530|Sander_lucioperca	98.750	80	80
U86;size=11	PV841531|Sander_lucioperca	98.750	80	80
U86;size=11	PV841532|Sander_lucioperca	98.750	80	80
U86;size=11	PV841533|Sander_lucioperca	98.750	80	80
U86;size=11	PV841534|Sander_lucioperca	98.750	80	80
U86;size=11	PV841535|Sander_lucioperca	98.750	80	80
U86;size=11	PV841536|Sander_lucioperca	98.750	80	80
U86;size=11	PV841537|Sander_lucioperca	98.750	80	80
U86;size=11	PV841538|Sander_lucioperca	98.750	80	80
U86;size=11	PV841539|Sander_lucioperca	98.750	80	80
U86;size=11	ON097886|Sander_lucioperca	97.500	80	80
U86;size=11	ON097303|Sander_lucioperca	97.500	80	80
U82;size=10	MW831011|Gadus_morhua	100.000	74	80
U82;size=10	ON545931|Gadus_morhua	100.000	74	80
U82;size=10	ON545937|Gadus_morhua	100.000	74	80
U82;size=10	ON545938|Gadus_morhua	100.000	74	80
U82;size=10	ON545957|Gadus_morhua	100.000	74	80
U82;size=10	ON545965|Gadus_morhua	100.000	74	80
U82;size=10	MZ407824|Gadus_morhua	100.000	74	80
U82;size=10	MZ407825|Gadus_morhua	100.000	74	80
U82;size=10	PP087981|Gadus_morhua	100.000	74	80
U82;size=10	PP087982|Gadus_morhua	100.000	74	80
U82;size=10	PP087983|Gadus_morhua	100.000	74	80
U82;size=10	PQ034651|Gadus_morhua	100.000	74	80
U82;size=10	PQ034652|Gadus_morhua	100.000	74	80
U82;size=10	PQ034653|Gadus_morhua	100.000	74	80
U82;size=10	PV541600|Gadus_morhua	100.000	74	80
U82;size=10	PZ676065|Gadus_morhua	100.000	74	80
U82;size=10	MZ097918|Gadus_chalcogrammus	100.000	74	80
U82;size=10	MZ097919|Gadus_chalcogrammus	100.000	74	80
U82;size=10	MZ097920|Gadus_chalcogrammus	100.000	74	80
U82;size=10	MZ097921|Gadus_chalcogrammus	100.000	74	80
U82;size=10	MZ097922|Gadus_chalcogrammus	100.000	74	80
U82;size=10	MZ097923|Gadus_chalcogrammus	100.000	74	80
U82;size=10	MZ097924|Gadus_chalcogrammus	100.000	74	80
U82;size=10	MZ097925|Gadus_chalcogrammus	100.000	74	80
U82;size=10	MZ097926|Gadus_chalcogrammus	100.000	74	80
U82;size=10	MZ407786|Gadus_chalcogrammus	100.000	74	80
U82;size=10	MW435038|Gadus_chalcogrammus	100.000	74	80
U82;size=10	MW435064|Gadus_chalcogrammus	100.000	74	80
U82;size=10	MW435065|Gadus_chalcogrammus	100.000	74	80
U82;size=10	MW435131|Gadus_chalcogrammus	100.000	74	80
U82;size=10	OQ442221|Gadus_chalcogrammus	100.000	74	80
U82;size=10	OQ932941|Gadus_chalcogrammus	100.000	74	80
U82;size=10	PV541582|Gadus_chalcogrammus	100.000	74	80
U82;size=10	PV541586|Gadus_chalcogrammus	100.000	74	80
U82;size=10	PV541612|Gadus_chalcogrammus	100.000	74	80
U82;size=10	PX398564|Gadus_chalcogrammus	100.000	74	80
U82;size=10	ON545935|Gadus_morhua	98.649	74	80
U82;size=10	MZ169750|Arctogadus_glacialis	98.649	74	80
U82;size=10	MZ169751|Arctogadus_glacialis	98.649	74	80
U82;size=10	MW435025|Arctogadus_glacialis	98.649	74	80
U82;size=10	MW435087|Arctogadus_glacialis	98.649	74	80
U82;size=10	MW435088|Arctogadus_glacialis	98.649	74	80
U82;size=10	MW435090|Arctogadus_glacialis	98.649	74	80
U82;size=10	MW435091|Arctogadus_glacialis	98.649	74	80
U82;size=10	MW435092|Arctogadus_glacialis	98.649	74	80
U82;size=10	MW435094|Arctogadus_glacialis	98.649	74	80
U82;size=10	MW435095|Arctogadus_glacialis	98.649	74	80
U82;size=10	MW435096|Arctogadus_glacialis	98.649	74	80
U82;size=10	MW435098|Arctogadus_glacialis	98.649	74	80
U82;size=10	MW435099|Arctogadus_glacialis	98.649	74	80
U83;size=9	MW831011|Gadus_morhua	98.750	80	80
U83;size=9	ON545931|Gadus_morhua	98.750	80	80
U83;size=9	ON545937|Gadus_morhua	98.750	80	80
U83;size=9	ON545938|Gadus_morhua	98.750	80	80
U83;size=9	ON545957|Gadus_morhua	98.750	80	80
U83;size=9	ON545965|Gadus_morhua	98.750	80	80
U83;size=9	MZ407824|Gadus_morhua	98.750	80	80
U83;size=9	MZ407825|Gadus_morhua	98.750	80	80
U83;size=9	PP087981|Gadus_morhua	98.750	80	80
U83;size=9	PP087982|Gadus_morhua	98.750	80	80
U83;size=9	PP087983|Gadus_morhua	98.750	80	80
U83;size=9	PQ034651|Gadus_morhua	98.750	80	80
U83;size=9	PQ034652|Gadus_morhua	98.750	80	80
U83;size=9	PQ034653|Gadus_morhua	98.750	80	80
U83;size=9	PV541600|Gadus_morhua	98.750	80	80
U83;size=9	PZ676065|Gadus_morhua	98.750	80	80
U83;size=9	MZ097918|Gadus_chalcogrammus	98.750	80	80
U83;size=9	MZ097919|Gadus_chalcogrammus	98.750	80	80
U83;size=9	MZ097920|Gadus_chalcogrammus	98.750	80	80
U83;size=9	MZ097921|Gadus_chalcogrammus	98.750	80	80
U83;size=9	MZ097922|Gadus_chalcogrammus	98.750	80	80
U83;size=9	MZ097923|Gadus_chalcogrammus	98.750	80	80
U83;size=9	MZ097924|Gadus_chalcogrammus	98.750	80	80
U83;size=9	MZ097925|Gadus_chalcogrammus	98.750	80	80
U83;size=9	MZ097926|Gadus_chalcogrammus	98.750	80	80
U83;size=9	MZ407786|Gadus_chalcogrammus	98.750	80	80
U83;size=9	MW435038|Gadus_chalcogrammus	98.750	80	80
U83;size=9	MW435064|Gadus_chalcogrammus	98.750	80	80
U83;size=9	MW435065|Gadus_chalcogrammus	98.750	80	80
U83;size=9	MW435131|Gadus_chalcogrammus	98.750	80	80
U83;size=9	OQ442221|Gadus_chalcogrammus	98.750	80	80
U83;size=9	OQ932941|Gadus_chalcogrammus	98.750	80	80
U83;size=9	PV541582|Gadus_chalcogrammus	98.750	80	80
U83;size=9	PV541586|Gadus_chalcogrammus	98.750	80	80
U83;size=9	PV541612|Gadus_chalcogrammus	98.750	80	80
U83;size=9	PX398564|Gadus_chalcogrammus	98.750	80	80
U83;size=9	ON545935|Gadus_morhua	97.500	80	80
U83;size=9	MZ169750|Arctogadus_glacialis	97.500	80	80
U83;size=9	MZ169751|Arctogadus_glacialis	97.500	80	80
U83;size=9	MW435025|Arctogadus_glacialis	97.500	80	80
U83;size=9	MW435087|Arctogadus_glacialis	97.500	80	80
U83;size=9	MW435088|Arctogadus_glacialis	97.500	80	80
U83;size=9	MW435090|Arctogadus_glacialis	97.500	80	80
U83;size=9	MW435091|Arctogadus_glacialis	97.500	80	80
U83;size=9	MW435092|Arctogadus_glacialis	97.500	80	80
U83;size=9	MW435094|Arctogadus_glacialis	97.500	80	80
U83;size=9	MW435095|Arctogadus_glacialis	97.500	80	80
U83;size=9	MW435096|Arctogadus_glacialis	97.500	80	80
U83;size=9	MW435098|Arctogadus_glacialis	97.500	80	80
U83;size=9	MW435099|Arctogadus_glacialis	97.500	80	80
U90;size=9	MT833816|Sander_lucioperca	97.500	80	80
U90;size=9	ON097642|Sander_lucioperca	97.500	80	80
U90;size=9	ON097742|Sander_lucioperca	97.500	80	80
U90;size=9	ON934138|Sander_lucioperca	97.500	80	80
U90;size=9	PQ394796|Sander_lucioperca	97.500	80	80
U90;size=9	PP702697|Sander_lucioperca	97.500	80	80
U90;size=9	PV841528|Sander_lucioperca	97.500	80	80
U90;size=9	PV841529|Sander_lucioperca	97.500	80	80
U90;size=9	PV841530|Sander_lucioperca	97.500	80	80
U90;size=9	PV841531|Sander_lucioperca	97.500	80	80
U90;size=9	PV841532|Sander_lucioperca	97.500	80	80
U90;size=9	PV841533|Sander_lucioperca	97.500	80	80
U90;size=9	PV841534|Sander_lucioperca	97.500	80	80
U90;size=9	PV841535|Sander_lucioperca	97.500	80	80
U90;size=9	PV841536|Sander_lucioperca	97.500	80	80
U90;size=9	PV841537|Sander_lucioperca	97.500	80	80
U90;size=9	PV841538|Sander_lucioperca	97.500	80	80
U90;size=9	PV841539|Sander_lucioperca	97.500	80	80
U90;size=9	ON097886|Sander_lucioperca	96.250	80	80
U90;size=9	ON097303|Sander_lucioperca	96.250	80	80
U91;size=8	MT833816|Sander_lucioperca	98.750	80	80
U91;size=8	ON097642|Sander_lucioperca	98.750	80	80
U91;size=8	ON097742|Sander_lucioperca	98.750	80	80
U91;size=8	ON934138|Sander_lucioperca	98.750	80	80
U91;size=8	PQ394796|Sander_lucioperca	98.750	80	80
U91;size=8	PP702697|Sander_lucioperca	98.750	80	80
U91;size=8	PV841528|Sander_lucioperca	98.750	80	80
U91;size=8	PV841529|Sander_lucioperca	98.750	80	80
U91;size=8	PV841530|Sander_lucioperca	98.750	80	80
U91;size=8	PV841531|Sander_lucioperca	98.750	80	80
U91;size=8	PV841532|Sander_lucioperca	98.750	80	80
U91;size=8	PV841533|Sander_lucioperca	98.750	80	80
U91;size=8	PV841534|Sander_lucioperca	98.750	80	80
U91;size=8	PV841535|Sander_lucioperca	98.750	80	80
U91;size=8	PV841536|Sander_lucioperca	98.750	80	80
U91;size=8	PV841537|Sander_lucioperca	98.750	80	80
U91;size=8	PV841538|Sander_lucioperca	98.750	80	80
U91;size=8	PV841539|Sander_lucioperca	98.750	80	80
U91;size=8	ON097886|Sander_lucioperca	97.500	80	80
U91;size=8	ON097303|Sander_lucioperca	97.500	80	80
U95;size=8	MT833816|Sander_lucioperca	98.701	77	80
U95;size=8	ON097642|Sander_lucioperca	98.701	77	80
U95;size=8	ON097742|Sander_lucioperca	98.701	77	80
U95;size=8	ON934138|Sander_lucioperca	98.701	77	80
U95;size=8	PQ394796|Sander_lucioperca	98.701	77	80
U95;size=8	PP702697|Sander_lucioperca	98.701	77	80
U95;size=8	PV841528|Sander_lucioperca	98.701	77	80
U95;size=8	PV841529|Sander_lucioperca	98.701	77	80
U95;size=8	PV841530|Sander_lucioperca	98.701	77	80
U95;size=8	PV841531|Sander_lucioperca	98.701	77	80
U95;size=8	PV841532|Sander_lucioperca	98.701	77	80
U95;size=8	PV841533|Sander_lucioperca	98.701	77	80
U95;size=8	PV841534|Sander_lucioperca	98.701	77	80
U95;size=8	PV841535|Sander_lucioperca	98.701	77	80
U95;size=8	PV841536|Sander_lucioperca	98.701	77	80
U95;size=8	PV841537|Sander_lucioperca	98.701	77	80
U95;size=8	PV841538|Sander_lucioperca	98.701	77	80
U95;size=8	PV841539|Sander_lucioperca	98.701	77	80
U95;size=8	ON097886|Sander_lucioperca	97.403	77	80
U95;size=8	ON097303|Sander_lucioperca	97.403	77	80
U97;size=8	AY157328|Pleuronectes_platessa	97.403	77	80
U97;size=8	EU348298|Pleuronectes_platessa	97.403	77	80
U97;size=8	GU324137|Pleuronectes_platessa	97.403	77	80
U97;size=8	GU324168|Pleuronectes_platessa	97.403	77	80
U97;size=8	JQ939088|Pleuronectes_platessa	97.403	77	80
U97;size=8	KJ128864|Pleuronectes_platessa	97.403	77	80
U97;size=8	KJ128865|Pleuronectes_platessa	97.403	77	80
U97;size=8	AY359673|Pleuronectes_platessa	94.805	77	80
U101;size=7	MT833816|Sander_lucioperca	100.000	29	32
U101;size=7	ON097642|Sander_lucioperca	100.000	29	32
U101;size=7	ON097742|Sander_lucioperca	100.000	29	32
U101;size=7	ON097886|Sander_lucioperca	100.000	29	32
U101;size=7	ON097303|Sander_lucioperca	100.000	29	32
U101;size=7	ON934138|Sander_lucioperca	100.000	29	32
U101;size=7	PQ394796|Sander_lucioperca	100.000	29	32
U101;size=7	PP702697|Sander_lucioperca	100.000	29	32
U101;size=7	PV841528|Sander_lucioperca	100.000	29	32
U101;size=7	PV841529|Sander_lucioperca	100.000	29	32
U101;size=7	PV841530|Sander_lucioperca	100.000	29	32
U101;size=7	PV841531|Sander_lucioperca	100.000	29	32
U101;size=7	PV841532|Sander_lucioperca	100.000	29	32
U101;size=7	PV841533|Sander_lucioperca	100.000	29	32
U101;size=7	PV841534|Sander_lucioperca	100.000	29	32
U101;size=7	PV841535|Sander_lucioperca	100.000	29	32
U101;size=7	PV841536|Sander_lucioperca	100.000	29	32
U101;size=7	PV841537|Sander_lucioperca	100.000	29	32
U101;size=7	PV841538|Sander_lucioperca	100.000	29	32
U101;size=7	PV841539|Sander_lucioperca	100.000	29	32
U101;size=7	EU074477|Merluccius_hubbsi	100.000	29	32
U101;size=7	EU074478|Merluccius_hubbsi	100.000	29	32
U101;size=7	GU324174|Merluccius_hubbsi	100.000	29	32
U101;size=7	JQ365421|Merluccius_hubbsi	100.000	29	32
U101;size=7	GU702478|Merluccius_hubbsi	100.000	29	32
U101;size=7	GU702479|Merluccius_hubbsi	100.000	29	32
U101;size=7	GU702480|Merluccius_hubbsi	100.000	29	32
U101;size=7	KF597037|Merluccius_hubbsi	100.000	29	32
U101;size=7	KJ467522|Merluccius_hubbsi	100.000	29	32
U101;size=7	KP975780|Merluccius_hubbsi	100.000	29	32
U101;size=7	KP975782|Merluccius_hubbsi	100.000	29	32
U101;size=7	GQ988401|Merluccius_hubbsi	100.000	29	32
U101;size=7	HM421964|Merluccius_hubbsi	100.000	29	32
U101;size=7	HM421965|Merluccius_hubbsi	100.000	29	32
U101;size=7	HM421966|Merluccius_hubbsi	100.000	29	32
U101;size=7	HM421967|Merluccius_hubbsi	100.000	29	32
U101;size=7	HM421968|Merluccius_hubbsi	100.000	29	32
U101;size=7	HM421969|Merluccius_hubbsi	100.000	29	32
U101;size=7	HM421970|Merluccius_hubbsi	100.000	29	32
U101;size=7	HM421971|Merluccius_hubbsi	100.000	29	32
U101;size=7	EU074468|Merluccius_australis	100.000	29	32
U101;size=7	KF597039|Merluccius_australis	100.000	29	32
U101;size=7	KJ467513|Merluccius_australis	100.000	29	32
U101;size=7	KM255095|Merluccius_australis	100.000	29	32
U101;size=7	KM255096|Merluccius_australis	100.000	29	32
U101;size=7	KM255097|Merluccius_australis	100.000	29	32
U101;size=7	KM255098|Merluccius_australis	100.000	29	32
U101;size=7	KM255099|Merluccius_australis	100.000	29	32
U101;size=7	KM255100|Merluccius_australis	100.000	29	32
U101;size=7	KM255101|Merluccius_australis	100.000	29	32
U103;size=7	MT833816|Sander_lucioperca	98.649	74	80
U103;size=7	ON097642|Sander_lucioperca	98.649	74	80
U103;size=7	ON097742|Sander_lucioperca	98.649	74	80
U103;size=7	ON934138|Sander_lucioperca	98.649	74	80
U103;size=7	PQ394796|Sander_lucioperca	98.649	74	80
U103;size=7	PP702697|Sander_lucioperca	98.649	74	80
U103;size=7	PV841528|Sander_lucioperca	98.649	74	80
U103;size=7	PV841529|Sander_lucioperca	98.649	74	80
U103;size=7	PV841530|Sander_lucioperca	98.649	74	80
U103;size=7	PV841531|Sander_lucioperca	98.649	74	80
U103;size=7	PV841532|Sander_lucioperca	98.649	74	80
U103;size=7	PV841533|Sander_lucioperca	98.649	74	80
U103;size=7	PV841534|Sander_lucioperca	98.649	74	80
U103;size=7	PV841535|Sander_lucioperca	98.649	74	80
U103;size=7	PV841536|Sander_lucioperca	98.649	74	80
U103;size=7	PV841537|Sander_lucioperca	98.649	74	80
U103;size=7	PV841538|Sander_lucioperca	98.649	74	80
U103;size=7	PV841539|Sander_lucioperca	98.649	74	80
U103;size=7	ON097886|Sander_lucioperca	97.297	74	80
U103;size=7	ON097303|Sander_lucioperca	97.297	74	80
U104;size=7	MT833816|Sander_lucioperca	100.000	74	80
U104;size=7	ON097642|Sander_lucioperca	100.000	74	80
U104;size=7	ON097742|Sander_lucioperca	100.000	74	80
U104;size=7	ON934138|Sander_lucioperca	100.000	74	80
U104;size=7	PQ394796|Sander_lucioperca	100.000	74	80
U104;size=7	PP702697|Sander_lucioperca	100.000	74	80
U104;size=7	PV841528|Sander_lucioperca	100.000	74	80
U104;size=7	PV841529|Sander_lucioperca	100.000	74	80
U104;size=7	PV841530|Sander_lucioperca	100.000	74	80
U104;size=7	PV841531|Sander_lucioperca	100.000	74	80
U104;size=7	PV841532|Sander_lucioperca	100.000	74	80
U104;size=7	PV841533|Sander_lucioperca	100.000	74	80
U104;size=7	PV841534|Sander_lucioperca	100.000	74	80
U104;size=7	PV841535|Sander_lucioperca	100.000	74	80
U104;size=7	PV841536|Sander_lucioperca	100.000	74	80
U104;size=7	PV841537|Sander_lucioperca	100.000	74	80
U104;size=7	PV841538|Sander_lucioperca	100.000	74	80
U104;size=7	PV841539|Sander_lucioperca	100.000	74	80
U104;size=7	ON097886|Sander_lucioperca	98.649	74	80
U104;size=7	ON097303|Sander_lucioperca	98.649	74	80
U134;size=7	GU581264|Pollachius_virens	100.000	80	80
U134;size=7	AF420462|Gadus_morhua	100.000	80	80
U134;size=7	AY850363|Gadus_morhua	100.000	80	80
U134;size=7	AY141399|Gadus_morhua	100.000	80	80
U134;size=7	GU018116|Gadus_morhua	100.000	80	80
U134;size=7	GU931786|Gadus_morhua	100.000	80	80
U134;size=7	GU324163|Gadus_morhua	100.000	80	80
U134;size=7	JX121817|Gadus_morhua	100.000	80	80
U134;size=7	KJ128772|Gadus_morhua	100.000	80	80
U134;size=7	KJ128773|Gadus_morhua	100.000	80	80
U134;size=7	AY850362|Gadus_chalcogrammus	100.000	80	80
U134;size=7	EU548102|Gadus_chalcogrammus	100.000	80	80
U134;size=7	EU548198|Gadus_chalcogrammus	100.000	80	80
U134;size=7	EU548199|Gadus_chalcogrammus	100.000	80	80
U134;size=7	GU581268|Gadus_chalcogrammus	100.000	80	80
U134;size=7	EF119324|Gadus_chalcogrammus	100.000	80	80
U134;size=7	EF119325|Gadus_chalcogrammus	100.000	80	80
U134;size=7	KJ010584|Gadus_chalcogrammus	100.000	80	80
U134;size=7	KJ010598|Gadus_chalcogrammus	100.000	80	80
U134;size=7	KJ010660|Gadus_chalcogrammus	100.000	80	80
U134;size=7	KJ010704|Gadus_chalcogrammus	100.000	80	80
U134;size=7	FJ215192|Gadus_chalcogrammus	98.750	80	80
U134;size=7	AF420461|Pollachius_virens	98.734	79	80
U134;size=7	FJ215186|Pollachius_virens	98.734	79	80
U134;size=7	KJ128866|Pollachius_virens	98.734	79	80
U134;size=7	KJ128867|Pollachius_virens	98.734	79	80
U134;size=7	AY800003|Gadus_chalcogrammus	93.976	83	80
U134;size=7	FN687991|Gadus_morhua	98.551	69	80
U134;size=7	FN687992|Gadus_morhua	98.551	69	80
U134;size=7	FN687993|Gadus_morhua	98.551	69	80
U134;size=7	FN687994|Gadus_morhua	98.551	69	80
U134;size=7	FN687995|Gadus_morhua	98.551	69	80
U108;size=6	MK283725|Limanda_aspera	90.000	80	80
U108;size=6	MT833816|Sander_lucioperca	95.312	64	80
U108;size=6	ON097886|Sander_lucioperca	100.000	53	80
U108;size=6	ON934138|Sander_lucioperca	100.000	53	80
U108;size=6	PQ394796|Sander_lucioperca	100.000	53	80
U108;size=6	ON097742|Sander_lucioperca	100.000	52	80
U108;size=6	ON097303|Sander_lucioperca	100.000	52	80
U108;size=6	ON097642|Sander_lucioperca	100.000	51	80
U108;size=6	PV841528|Sander_lucioperca	100.000	48	80
U108;size=6	PV841529|Sander_lucioperca	100.000	48	80
U108;size=6	PV841530|Sander_lucioperca	100.000	48	80
U108;size=6	PV841531|Sander_lucioperca	100.000	48	80
U108;size=6	PV841532|Sander_lucioperca	100.000	48	80
U108;size=6	PV841533|Sander_lucioperca	100.000	48	80
U108;size=6	PV841534|Sander_lucioperca	100.000	48	80
U108;size=6	PV841535|Sander_lucioperca	100.000	48	80
U108;size=6	PV841536|Sander_lucioperca	100.000	48	80
U108;size=6	PV841537|Sander_lucioperca	100.000	48	80
U108;size=6	PV841538|Sander_lucioperca	100.000	48	80
U108;size=6	PV841539|Sander_lucioperca	100.000	48	80
U108;size=6	PP702697|Sander_lucioperca	100.000	32	80
U110;size=6	MG253482|Pleuronectes_platessa	100.000	80	80
U110;size=6	MG253483|Pleuronectes_platessa	100.000	80	80
U110;size=6	MG253484|Pleuronectes_platessa	100.000	80	80
U110;size=6	MG253485|Pleuronectes_platessa	100.000	80	80
U110;size=6	MG253486|Pleuronectes_platessa	100.000	80	80
U110;size=6	MG253487|Pleuronectes_platessa	100.000	80	80
U110;size=6	MG253488|Pleuronectes_platessa	100.000	80	80
U110;size=6	MG253489|Pleuronectes_platessa	100.000	80	80
U110;size=6	MG253490|Pleuronectes_platessa	100.000	80	80
U110;size=6	MG253491|Pleuronectes_platessa	100.000	80	80
U110;size=6	MN893185|Pleuronectes_platessa	100.000	80	80
U110;size=6	MK216614|Pleuronectes_platessa	100.000	80	80
U110;size=6	MT890558|Pleuronectes_platessa	100.000	80	80
U110;size=6	MT890559|Pleuronectes_platessa	100.000	80	80
U110;size=6	MT890560|Pleuronectes_platessa	100.000	80	80
U110;size=6	MN756319|Pleuronectes_platessa	100.000	80	80
U110;size=6	ON545944|Pleuronectes_platessa	100.000	80	80
U110;size=6	ON545949|Pleuronectes_platessa	100.000	80	80
U110;size=6	ON545954|Pleuronectes_platessa	100.000	80	80
U110;size=6	ON545962|Pleuronectes_platessa	100.000	80	80
U110;size=6	EU513661|Limanda_aspera	92.500	80	80
U110;size=6	MK283723|Limanda_aspera	92.500	80	80
U110;size=6	MZ314738|Limanda_aspera	92.500	80	80
U110;size=6	MW829385|Limanda_aspera	92.500	80	80
U110;size=6	ON089662|Limanda_aspera	92.500	80	80
U110;size=6	PV541577|Limanda_aspera	92.500	80	80
U110;size=6	PV541609|Limanda_aspera	92.500	80	80
U110;size=6	EU513662|Limanda_aspera	91.250	80	80
U110;size=6	EU513663|Limanda_aspera	91.250	80	80
U110;size=6	MG205133|Limanda_aspera	91.250	80	80
U110;size=6	MW692350|Limanda_aspera	91.250	80	80
U110;size=6	MZ317440|Limanda_aspera	91.250	80	80
U110;size=6	MW435027|Limanda_aspera	91.250	80	80
U110;size=6	MK283722|Limanda_aspera	91.176	68	80
U110;size=6	MK283726|Limanda_aspera	91.176	68	80
U110;size=6	MK283724|Limanda_aspera	91.045	67	80
U110;size=6	MG204933|Limanda_aspera	92.063	63	80
U110;size=6	MK283721|Limanda_aspera	93.333	60	80
U116;size=6	MT833816|Sander_lucioperca	100.000	77	80
U116;size=6	ON097642|Sander_lucioperca	100.000	77	80
U116;size=6	ON097742|Sander_lucioperca	100.000	77	80
U116;size=6	ON934138|Sander_lucioperca	100.000	77	80
U116;size=6	PQ394796|Sander_lucioperca	100.000	77	80
U116;size=6	PP702697|Sander_lucioperca	100.000	77	80
U116;size=6	PV841528|Sander_lucioperca	100.000	77	80
U116;size=6	PV841529|Sander_lucioperca	100.000	77	80
U116;size=6	PV841530|Sander_lucioperca	100.000	77	80
U116;size=6	PV841531|Sander_lucioperca	100.000	77	80
U116;size=6	PV841532|Sander_lucioperca	100.000	77	80
U116;size=6	PV841533|Sander_lucioperca	100.000	77	80
U116;size=6	PV841534|Sander_lucioperca	100.000	77	80
U116;size=6	PV841535|Sander_lucioperca	100.000	77	80
U116;size=6	PV841536|Sander_lucioperca	100.000	77	80
U116;size=6	PV841537|Sander_lucioperca	100.000	77	80
U116;size=6	PV841538|Sander_lucioperca	100.000	77	80
U116;size=6	PV841539|Sander_lucioperca	100.000	77	80
U116;size=6	ON097886|Sander_lucioperca	98.701	77	80
U116;size=6	ON097303|Sander_lucioperca	98.701	77	80
U116;size=6	EU074477|Merluccius_hubbsi	89.610	77	80
U116;size=6	EU074478|Merluccius_hubbsi	89.610	77	80
U116;size=6	GU324174|Merluccius_hubbsi	89.610	77	80
U116;size=6	JQ365421|Merluccius_hubbsi	89.610	77	80
U116;size=6	GU702478|Merluccius_hubbsi	89.610	77	80
U116;size=6	GU702479|Merluccius_hubbsi	89.610	77	80
U116;size=6	GU702480|Merluccius_hubbsi	89.610	77	80
U116;size=6	KF597037|Merluccius_hubbsi	89.610	77	80
U116;size=6	KJ467522|Merluccius_hubbsi	89.610	77	80
U116;size=6	KP975780|Merluccius_hubbsi	89.610	77	80
U116;size=6	KP975782|Merluccius_hubbsi	89.610	77	80
U116;size=6	GQ988401|Merluccius_hubbsi	89.610	77	80
U116;size=6	HM421964|Merluccius_hubbsi	89.610	77	80
U116;size=6	HM421965|Merluccius_hubbsi	89.610	77	80
U116;size=6	HM421966|Merluccius_hubbsi	89.610	77	80
U116;size=6	HM421967|Merluccius_hubbsi	89.610	77	80
U116;size=6	HM421968|Merluccius_hubbsi	89.610	77	80
U116;size=6	HM421969|Merluccius_hubbsi	89.610	77	80
U116;size=6	HM421970|Merluccius_hubbsi	89.610	77	80
U116;size=6	HM421971|Merluccius_hubbsi	89.610	77	80
U116;size=6	EU074468|Merluccius_australis	89.610	77	80
U116;size=6	KF597039|Merluccius_australis	89.610	77	80
U116;size=6	KJ467513|Merluccius_australis	89.610	77	80
U116;size=6	KM255095|Merluccius_australis	89.610	77	80
U116;size=6	KM255096|Merluccius_australis	89.610	77	80
U116;size=6	KM255097|Merluccius_australis	89.610	77	80
U116;size=6	KM255098|Merluccius_australis	89.610	77	80
U116;size=6	KM255099|Merluccius_australis	89.610	77	80
U116;size=6	KM255100|Merluccius_australis	89.610	77	80
U116;size=6	KM255101|Merluccius_australis	89.610	77	80
U119;size=5	MT833816|Sander_lucioperca	100.000	32	32
U119;size=5	ON097642|Sander_lucioperca	100.000	32	32
U119;size=5	ON097742|Sander_lucioperca	100.000	32	32
U119;size=5	ON097886|Sander_lucioperca	100.000	32	32
U119;size=5	ON097303|Sander_lucioperca	100.000	32	32
U119;size=5	ON934138|Sander_lucioperca	100.000	32	32
U119;size=5	PQ394796|Sander_lucioperca	100.000	32	32
U119;size=5	PP702697|Sander_lucioperca	100.000	32	32
U119;size=5	PV841528|Sander_lucioperca	100.000	32	32
U119;size=5	PV841529|Sander_lucioperca	100.000	32	32
U119;size=5	PV841530|Sander_lucioperca	100.000	32	32
U119;size=5	PV841531|Sander_lucioperca	100.000	32	32
U119;size=5	PV841532|Sander_lucioperca	100.000	32	32
U119;size=5	PV841533|Sander_lucioperca	100.000	32	32
U119;size=5	PV841534|Sander_lucioperca	100.000	32	32
U119;size=5	PV841535|Sander_lucioperca	100.000	32	32
U119;size=5	PV841536|Sander_lucioperca	100.000	32	32
U119;size=5	PV841537|Sander_lucioperca	100.000	32	32
U119;size=5	PV841538|Sander_lucioperca	100.000	32	32
U119;size=5	PV841539|Sander_lucioperca	100.000	32	32
U119;size=5	EU074477|Merluccius_hubbsi	100.000	32	32
U119;size=5	EU074478|Merluccius_hubbsi	100.000	32	32
U119;size=5	GU324174|Merluccius_hubbsi	100.000	32	32
U119;size=5	JQ365421|Merluccius_hubbsi	100.000	32	32
U119;size=5	GU702478|Merluccius_hubbsi	100.000	32	32
U119;size=5	GU702479|Merluccius_hubbsi	100.000	32	32
U119;size=5	GU702480|Merluccius_hubbsi	100.000	32	32
U119;size=5	KF597037|Merluccius_hubbsi	100.000	32	32
U119;size=5	KJ467522|Merluccius_hubbsi	100.000	32	32
U119;size=5	KP975780|Merluccius_hubbsi	100.000	32	32
U119;size=5	KP975782|Merluccius_hubbsi	100.000	32	32
U119;size=5	GQ988401|Merluccius_hubbsi	100.000	32	32
U119;size=5	HM421964|Merluccius_hubbsi	100.000	32	32
U119;size=5	HM421965|Merluccius_hubbsi	100.000	32	32
U119;size=5	HM421966|Merluccius_hubbsi	100.000	32	32
U119;size=5	HM421967|Merluccius_hubbsi	100.000	32	32
U119;size=5	HM421968|Merluccius_hubbsi	100.000	32	32
U119;size=5	HM421969|Merluccius_hubbsi	100.000	32	32
U119;size=5	HM421970|Merluccius_hubbsi	100.000	32	32
U119;size=5	HM421971|Merluccius_hubbsi	100.000	32	32
U119;size=5	EU074468|Merluccius_australis	100.000	32	32
U119;size=5	KF597039|Merluccius_australis	100.000	32	32
U119;size=5	KJ467513|Merluccius_australis	100.000	32	32
U119;size=5	KM255095|Merluccius_australis	100.000	32	32
U119;size=5	KM255096|Merluccius_australis	100.000	32	32
U119;size=5	KM255097|Merluccius_australis	100.000	32	32
U119;size=5	KM255098|Merluccius_australis	100.000	32	32
U119;size=5	KM255099|Merluccius_australis	100.000	32	32
U119;size=5	KM255100|Merluccius_australis	100.000	32	32
U119;size=5	KM255101|Merluccius_australis	100.000	32	32
U122;size=5	MT833816|Sander_lucioperca	97.500	80	80
U122;size=5	ON097642|Sander_lucioperca	97.500	80	80
U122;size=5	ON097742|Sander_lucioperca	97.500	80	80
U122;size=5	ON934138|Sander_lucioperca	97.500	80	80
U122;size=5	PQ394796|Sander_lucioperca	97.500	80	80
U122;size=5	PP702697|Sander_lucioperca	97.500	80	80
U122;size=5	PV841528|Sander_lucioperca	97.500	80	80
U122;size=5	PV841529|Sander_lucioperca	97.500	80	80
U122;size=5	PV841530|Sander_lucioperca	97.500	80	80
U122;size=5	PV841531|Sander_lucioperca	97.500	80	80
U122;size=5	PV841532|Sander_lucioperca	97.500	80	80
U122;size=5	PV841533|Sander_lucioperca	97.500	80	80
U122;size=5	PV841534|Sander_lucioperca	97.500	80	80
U122;size=5	PV841535|Sander_lucioperca	97.500	80	80
U122;size=5	PV841536|Sander_lucioperca	97.500	80	80
U122;size=5	PV841537|Sander_lucioperca	97.500	80	80
U122;size=5	PV841538|Sander_lucioperca	97.500	80	80
U122;size=5	PV841539|Sander_lucioperca	97.500	80	80
U122;size=5	ON097886|Sander_lucioperca	96.250	80	80
U122;size=5	ON097303|Sander_lucioperca	96.250	80	80
U125;size=5	MT833816|Sander_lucioperca	100.000	74	80
U125;size=5	ON097642|Sander_lucioperca	100.000	74	80
U125;size=5	ON097742|Sander_lucioperca	100.000	74	80
U125;size=5	ON934138|Sander_lucioperca	100.000	74	80
U125;size=5	PQ394796|Sander_lucioperca	100.000	74	80
U125;size=5	PP702697|Sander_lucioperca	100.000	74	80
U125;size=5	PV841528|Sander_lucioperca	100.000	74	80
U125;size=5	PV841529|Sander_lucioperca	100.000	74	80
U125;size=5	PV841530|Sander_lucioperca	100.000	74	80
U125;size=5	PV841531|Sander_lucioperca	100.000	74	80
U125;size=5	PV841532|Sander_lucioperca	100.000	74	80
U125;size=5	PV841533|Sander_lucioperca	100.000	74	80
U125;size=5	PV841534|Sander_lucioperca	100.000	74	80
U125;size=5	PV841535|Sander_lucioperca	100.000	74	80
U125;size=5	PV841536|Sander_lucioperca	100.000	74	80
U125;size=5	PV841537|Sander_lucioperca	100.000	74	80
U125;size=5	PV841538|Sander_lucioperca	100.000	74	80
U125;size=5	PV841539|Sander_lucioperca	100.000	74	80
U125;size=5	ON097886|Sander_lucioperca	98.649	74	80
U125;size=5	ON097303|Sander_lucioperca	98.649	74	80
U132;size=4	MN893185|Pleuronectes_platessa	100.000	80	80
U132;size=4	MT890558|Pleuronectes_platessa	100.000	80	80
U132;size=4	ON545949|Pleuronectes_platessa	100.000	80	80
U132;size=4	ON545954|Pleuronectes_platessa	100.000	80	80
U132;size=4	ON545962|Pleuronectes_platessa	100.000	80	80
U132;size=4	MT890560|Pleuronectes_platessa	97.500	80	80
U132;size=4	MT890559|Pleuronectes_platessa	96.250	80	80
U132;size=4	MK283725|Limanda_aspera	95.000	80	80
U132;size=4	MW435027|Limanda_aspera	93.750	80	80
U132;size=4	ON545944|Pleuronectes_platessa	100.000	60	80
U132;size=4	MW829385|Limanda_aspera	94.366	71	80
U132;size=4	MG253482|Pleuronectes_platessa	100.000	53	80
U132;size=4	MG253483|Pleuronectes_platessa	100.000	53	80
U132;size=4	MG253484|Pleuronectes_platessa	100.000	53	80
U132;size=4	MG253485|Pleuronectes_platessa	100.000	53	80
U132;size=4	MG253486|Pleuronectes_platessa	100.000	53	80
U132;size=4	MG253487|Pleuronectes_platessa	100.000	53	80
U132;size=4	MG253488|Pleuronectes_platessa	100.000	53	80
U132;size=4	MG253489|Pleuronectes_platessa	100.000	53	80
U132;size=4	MG253490|Pleuronectes_platessa	100.000	53	80
U132;size=4	MG253491|Pleuronectes_platessa	100.000	53	80
U132;size=4	MK216614|Pleuronectes_platessa	100.000	43	80
U132;size=4	MN756319|Pleuronectes_platessa	100.000	42	80
U160;size=3	GU324168|Pleuronectes_platessa	97.500	80	80
U160;size=3	AY157328|Pleuronectes_platessa	96.250	80	80
U160;size=3	GU324137|Pleuronectes_platessa	96.250	80	80
U160;size=3	JQ939088|Pleuronectes_platessa	96.250	80	80
U160;size=3	KJ128864|Pleuronectes_platessa	96.250	80	80
U160;size=3	KJ128865|Pleuronectes_platessa	96.250	80	80
U160;size=3	EU348298|Pleuronectes_platessa	95.000	80	80
U161;size=3	AF420461|Pollachius_virens	97.561	82	80
U161;size=3	GU581264|Pollachius_virens	97.561	82	80
U161;size=3	FJ215186|Pollachius_virens	97.561	82	80
U161;size=3	KJ128866|Pollachius_virens	97.561	82	80
U161;size=3	KJ128867|Pollachius_virens	97.561	82	80
U161;size=3	AF420462|Gadus_morhua	97.561	82	80
U161;size=3	AY850363|Gadus_morhua	97.561	82	80
U161;size=3	GU018116|Gadus_morhua	97.561	82	80
U161;size=3	GU931786|Gadus_morhua	100.000	75	80
U161;size=3	GU324163|Gadus_morhua	97.561	82	80
U161;size=3	JX121817|Gadus_morhua	97.561	82	80
U161;size=3	KJ128772|Gadus_morhua	97.561	82	80
U161;size=3	KJ128773|Gadus_morhua	97.561	82	80
U161;size=3	AY850362|Gadus_chalcogrammus	97.561	82	80
U161;size=3	EU548102|Gadus_chalcogrammus	97.561	82	80
U161;size=3	EU548198|Gadus_chalcogrammus	97.561	82	80
U161;size=3	EU548199|Gadus_chalcogrammus	97.561	82	80
U161;size=3	GU581268|Gadus_chalcogrammus	97.561	82	80
U161;size=3	EF119324|Gadus_chalcogrammus	97.561	82	80
U161;size=3	EF119325|Gadus_chalcogrammus	97.561	82	80
U161;size=3	KJ010584|Gadus_chalcogrammus	97.561	82	80
U161;size=3	KJ010598|Gadus_chalcogrammus	97.561	82	80
U161;size=3	KJ010660|Gadus_chalcogrammus	97.561	82	80
U161;size=3	KJ010704|Gadus_chalcogrammus	97.561	82	80
U161;size=3	FJ215192|Gadus_chalcogrammus	96.341	82	80
U161;size=3	AY141399|Gadus_morhua	93.902	82	80
U161;size=3	AY800003|Gadus_chalcogrammus	91.765	85	80
U161;size=3	FN687991|Gadus_morhua	94.545	55	80
U161;size=3	FN687991|Gadus_morhua	100.000	28	80
U161;size=3	FN687992|Gadus_morhua	94.545	55	80
U161;size=3	FN687992|Gadus_morhua	100.000	28	80
U161;size=3	FN687993|Gadus_morhua	94.545	55	80
U161;size=3	FN687993|Gadus_morhua	100.000	28	80
U161;size=3	FN687994|Gadus_morhua	94.545	55	80
U161;size=3	FN687994|Gadus_morhua	100.000	28	80
U161;size=3	FN687995|Gadus_morhua	94.545	55	80
U161;size=3	FN687995|Gadus_morhua	100.000	28	80
U170;size=3	AY157328|Pleuronectes_platessa	100.000	80	80
U170;size=3	EU348298|Pleuronectes_platessa	100.000	80	80
U170;size=3	GU324137|Pleuronectes_platessa	100.000	80	80
U170;size=3	KJ128864|Pleuronectes_platessa	100.000	80	80
U170;size=3	KJ128865|Pleuronectes_platessa	100.000	80	80
U170;size=3	EU548135|Limanda_aspera	98.750	80	80
U170;size=3	AF488441|Limanda_aspera	98.750	80	80
U170;size=3	FJ870394|Limanda_aspera	98.750	80	80
U170;size=3	FJ870395|Limanda_aspera	98.750	80	80
U170;size=3	AY359673|Pleuronectes_platessa	98.750	80	80
U170;size=3	GU324168|Pleuronectes_platessa	98.750	80	80
U170;size=3	EU548136|Limanda_aspera	98.734	79	80
U170;size=3	KC984231|Limanda_aspera	98.734	79	80
U170;size=3	KJ010572|Limanda_aspera	98.734	79	80
U170;size=3	KJ010580|Limanda_aspera	98.734	79	80
U170;size=3	FN688137|Pleuronectes_platessa	97.468	79	80
U170;size=3	FN688138|Pleuronectes_platessa	97.468	79	80
U170;size=3	FN688139|Pleuronectes_platessa	97.468	79	80
U170;size=3	FN688140|Pleuronectes_platessa	97.468	79	80
U170;size=3	FN688141|Pleuronectes_platessa	97.468	79	80
U170;size=3	FN688142|Pleuronectes_platessa	97.468	79	80
U170;size=3	FN688143|Pleuronectes_platessa	97.468	79	80
U170;size=3	FN688144|Pleuronectes_platessa	97.468	79	80
U170;size=3	JQ939088|Pleuronectes_platessa	98.611	72	80
U176;size=3	MG253482|Pleuronectes_platessa	98.750	80	80
U176;size=3	MG253483|Pleuronectes_platessa	98.750	80	80
U176;size=3	MG253484|Pleuronectes_platessa	98.750	80	80
U176;size=3	MG253485|Pleuronectes_platessa	98.750	80	80
U176;size=3	MG253486|Pleuronectes_platessa	98.750	80	80
U176;size=3	MG253487|Pleuronectes_platessa	98.750	80	80
U176;size=3	MG253488|Pleuronectes_platessa	98.750	80	80
U176;size=3	MG253489|Pleuronectes_platessa	98.750	80	80
U176;size=3	MG253490|Pleuronectes_platessa	98.750	80	80
U176;size=3	MG253491|Pleuronectes_platessa	98.750	80	80
U176;size=3	MN893185|Pleuronectes_platessa	98.750	80	80
U176;size=3	MK216614|Pleuronectes_platessa	98.750	80	80
U176;size=3	MT890558|Pleuronectes_platessa	98.750	80	80
U176;size=3	MT890559|Pleuronectes_platessa	98.750	80	80
U176;size=3	MT890560|Pleuronectes_platessa	98.750	80	80
U176;size=3	MN756319|Pleuronectes_platessa	98.750	80	80
U176;size=3	ON545944|Pleuronectes_platessa	98.750	80	80
U176;size=3	ON545949|Pleuronectes_platessa	98.750	80	80
U176;size=3	ON545954|Pleuronectes_platessa	98.750	80	80
U176;size=3	ON545962|Pleuronectes_platessa	98.750	80	80
U176;size=3	EU513661|Limanda_aspera	93.750	80	80
U176;size=3	MK283723|Limanda_aspera	93.750	80	80
U176;size=3	MZ314738|Limanda_aspera	93.750	80	80
U176;size=3	MW829385|Limanda_aspera	93.750	80	80
U176;size=3	ON089662|Limanda_aspera	93.750	80	80
U176;size=3	PV541577|Limanda_aspera	93.750	80	80
U176;size=3	PV541609|Limanda_aspera	93.750	80	80
U176;size=3	EU513662|Limanda_aspera	92.500	80	80
U176;size=3	EU513663|Limanda_aspera	92.500	80	80
U176;size=3	MG205133|Limanda_aspera	92.500	80	80
U176;size=3	MW692350|Limanda_aspera	92.500	80	80
U176;size=3	MZ317440|Limanda_aspera	92.500	80	80
U176;size=3	MW435027|Limanda_aspera	92.500	80	80
U176;size=3	MK283722|Limanda_aspera	92.647	68	80
U176;size=3	MK283726|Limanda_aspera	92.647	68	80
U176;size=3	MK283724|Limanda_aspera	92.537	67	80
U176;size=3	MG204933|Limanda_aspera	93.651	63	80
U176;size=3	MK283721|Limanda_aspera	95.000	60	80
U178;size=3	GU581264|Pollachius_virens	94.937	79	80
U178;size=3	AF420462|Gadus_morhua	94.937	79	80
U178;size=3	AY850363|Gadus_morhua	94.937	79	80
U178;size=3	AY141399|Gadus_morhua	94.937	79	80
U178;size=3	GU018116|Gadus_morhua	94.937	79	80
U178;size=3	GU931786|Gadus_morhua	94.937	79	80
U178;size=3	GU324163|Gadus_morhua	94.937	79	80
U178;size=3	JX121817|Gadus_morhua	94.937	79	80
U178;size=3	KJ128772|Gadus_morhua	94.937	79	80
U178;size=3	KJ128773|Gadus_morhua	94.937	79	80
U178;size=3	AY850362|Gadus_chalcogrammus	94.937	79	80
U178;size=3	EU548102|Gadus_chalcogrammus	94.937	79	80
U178;size=3	EU548198|Gadus_chalcogrammus	94.937	79	80
U178;size=3	EU548199|Gadus_chalcogrammus	94.937	79	80
U178;size=3	GU581268|Gadus_chalcogrammus	94.937	79	80
U178;size=3	EF119324|Gadus_chalcogrammus	94.937	79	80
U178;size=3	EF119325|Gadus_chalcogrammus	94.937	79	80
U178;size=3	KJ010584|Gadus_chalcogrammus	94.937	79	80
U178;size=3	KJ010598|Gadus_chalcogrammus	94.937	79	80
U178;size=3	KJ010660|Gadus_chalcogrammus	94.937	79	80
U178;size=3	KJ010704|Gadus_chalcogrammus	94.937	79	80
U178;size=3	FJ215192|Gadus_chalcogrammus	93.671	79	80
U178;size=3	AF420461|Pollachius_virens	93.590	78	80
U178;size=3	FJ215186|Pollachius_virens	93.590	78	80
U178;size=3	KJ128866|Pollachius_virens	93.590	78	80
U178;size=3	KJ128867|Pollachius_virens	93.590	78	80
U178;size=3	FN687991|Gadus_morhua	98.438	64	80
U178;size=3	FN687992|Gadus_morhua	98.438	64	80
U178;size=3	FN687993|Gadus_morhua	98.438	64	80
U178;size=3	FN687994|Gadus_morhua	98.438	64	80
U178;size=3	FN687995|Gadus_morhua	98.438	64	80
U178;size=3	AY800003|Gadus_chalcogrammus	89.024	82	80
U185;size=2	MG253482|Pleuronectes_platessa	90.909	77	80
U185;size=2	MG253483|Pleuronectes_platessa	90.909	77	80
U185;size=2	MG253484|Pleuronectes_platessa	90.909	77	80
U185;size=2	MG253485|Pleuronectes_platessa	90.909	77	80
U185;size=2	MG253486|Pleuronectes_platessa	90.909	77	80
U185;size=2	MG253487|Pleuronectes_platessa	90.909	77	80
U185;size=2	MG253488|Pleuronectes_platessa	90.909	77	80
U185;size=2	MG253489|Pleuronectes_platessa	90.909	77	80
U185;size=2	MG253490|Pleuronectes_platessa	90.909	77	80
U185;size=2	MG253491|Pleuronectes_platessa	90.909	77	80
U185;size=2	MN893185|Pleuronectes_platessa	90.909	77	80
U185;size=2	MK216614|Pleuronectes_platessa	90.909	77	80
U185;size=2	MT890558|Pleuronectes_platessa	90.909	77	80
U185;size=2	MT890559|Pleuronectes_platessa	90.909	77	80
U185;size=2	MT890560|Pleuronectes_platessa	90.909	77	80
U185;size=2	MN756319|Pleuronectes_platessa	90.909	77	80
U185;size=2	ON545944|Pleuronectes_platessa	90.909	77	80
U185;size=2	ON545949|Pleuronectes_platessa	90.909	77	80
U185;size=2	ON545954|Pleuronectes_platessa	90.909	77	80
U185;size=2	ON545962|Pleuronectes_platessa	90.909	77	80
U185;size=2	MT833816|Sander_lucioperca	88.750	80	80
U185;size=2	ON097642|Sander_lucioperca	88.750	80	80
U185;size=2	ON097742|Sander_lucioperca	88.750	80	80
U185;size=2	ON934138|Sander_lucioperca	88.750	80	80
U185;size=2	PQ394796|Sander_lucioperca	88.750	80	80
U185;size=2	PP702697|Sander_lucioperca	88.750	80	80
U185;size=2	PV841528|Sander_lucioperca	88.750	80	80
U185;size=2	PV841529|Sander_lucioperca	88.750	80	80
U185;size=2	PV841530|Sander_lucioperca	88.750	80	80
U185;size=2	PV841531|Sander_lucioperca	88.750	80	80
U185;size=2	PV841532|Sander_lucioperca	88.750	80	80
U185;size=2	PV841533|Sander_lucioperca	88.750	80	80
U185;size=2	PV841534|Sander_lucioperca	88.750	80	80
U185;size=2	PV841535|Sander_lucioperca	88.750	80	80
U185;size=2	PV841536|Sander_lucioperca	88.750	80	80
U185;size=2	PV841537|Sander_lucioperca	88.750	80	80
U185;size=2	PV841538|Sander_lucioperca	88.750	80	80
U185;size=2	PV841539|Sander_lucioperca	88.750	80	80
U189;size=2	MT833816|Sander_lucioperca	98.750	80	80
U189;size=2	ON097642|Sander_lucioperca	98.750	80	80
U189;size=2	ON097742|Sander_lucioperca	98.750	80	80
U189;size=2	ON934138|Sander_lucioperca	98.750	80	80
U189;size=2	PQ394796|Sander_lucioperca	98.750	80	80
U189;size=2	PP702697|Sander_lucioperca	98.750	80	80
U189;size=2	PV841528|Sander_lucioperca	98.750	80	80
U189;size=2	PV841529|Sander_lucioperca	98.750	80	80
U189;size=2	PV841530|Sander_lucioperca	98.750	80	80
U189;size=2	PV841531|Sander_lucioperca	98.750	80	80
U189;size=2	PV841532|Sander_lucioperca	98.750	80	80
U189;size=2	PV841533|Sander_lucioperca	98.750	80	80
U189;size=2	PV841534|Sander_lucioperca	98.750	80	80
U189;size=2	PV841535|Sander_lucioperca	98.750	80	80
U189;size=2	PV841536|Sander_lucioperca	98.750	80	80
U189;size=2	PV841537|Sander_lucioperca	98.750	80	80
U189;size=2	PV841538|Sander_lucioperca	98.750	80	80
U189;size=2	PV841539|Sander_lucioperca	98.750	80	80
U189;size=2	ON097886|Sander_lucioperca	97.500	80	80
U189;size=2	ON097303|Sander_lucioperca	97.500	80	80
U197;size=2	EU074477|Merluccius_hubbsi	97.500	80	80
U197;size=2	EU074478|Merluccius_hubbsi	97.500	80	80
U197;size=2	GU324174|Merluccius_hubbsi	97.500	80	80
U197;size=2	JQ365421|Merluccius_hubbsi	97.500	80	80
U197;size=2	GU702478|Merluccius_hubbsi	97.500	80	80
U197;size=2	GU702479|Merluccius_hubbsi	97.500	80	80
U197;size=2	GU702480|Merluccius_hubbsi	97.500	80	80
U197;size=2	KF597037|Merluccius_hubbsi	97.500	80	80
U197;size=2	KJ467522|Merluccius_hubbsi	97.500	80	80
U197;size=2	KP975780|Merluccius_hubbsi	97.500	80	80
U197;size=2	KP975782|Merluccius_hubbsi	97.500	80	80
U197;size=2	GQ988401|Merluccius_hubbsi	97.500	80	80
U197;size=2	HM421964|Merluccius_hubbsi	97.500	80	80
U197;size=2	HM421965|Merluccius_hubbsi	97.500	80	80
U197;size=2	HM421966|Merluccius_hubbsi	97.500	80	80
U197;size=2	HM421967|Merluccius_hubbsi	97.500	80	80
U197;size=2	HM421968|Merluccius_hubbsi	97.500	80	80
U197;size=2	HM421969|Merluccius_hubbsi	97.500	80	80
U197;size=2	HM421970|Merluccius_hubbsi	97.500	80	80
U197;size=2	HM421971|Merluccius_hubbsi	97.500	80	80
U197;size=2	EU074468|Merluccius_australis	97.500	80	80
U197;size=2	KF597039|Merluccius_australis	97.500	80	80
U197;size=2	KJ467513|Merluccius_australis	97.500	80	80
U197;size=2	KM255095|Merluccius_australis	97.500	80	80
U197;size=2	KM255096|Merluccius_australis	97.500	80	80
U197;size=2	KM255097|Merluccius_australis	97.500	80	80
U197;size=2	KM255098|Merluccius_australis	97.500	80	80
U197;size=2	KM255099|Merluccius_australis	97.500	80	80
U197;size=2	KM255100|Merluccius_australis	97.500	80	80
U197;size=2	KM255101|Merluccius_australis	97.500	80	80
U197;size=2	KM255102|Merluccius_australis	97.500	80	80
U197;size=2	KM255103|Merluccius_australis	97.500	80	80
U197;size=2	KM255104|Merluccius_australis	97.500	80	80
U197;size=2	KM255105|Merluccius_australis	97.500	80	80
U197;size=2	KM255106|Merluccius_australis	97.500	80	80
U197;size=2	MN893172|Merluccius_australis	97.500	80	80
U197;size=2	MN756276|Merluccius_australis	97.500	80	80
U197;size=2	ON024743|Merluccius_australis	97.500	80	80
U197;size=2	MZ407793|Merluccius_australis	97.500	80	80
U197;size=2	OR290799|Merluccius_gayi	97.500	80	80
U197;size=2	OR290800|Merluccius_gayi	97.500	80	80
U197;size=2	OR290801|Merluccius_gayi	97.500	80	80
U197;size=2	OR290802|Merluccius_gayi	97.500	80	80
U197;size=2	OR290803|Merluccius_gayi	97.500	80	80
U197;size=2	OR290804|Merluccius_gayi	97.500	80	80
U197;size=2	OR290805|Merluccius_gayi	97.500	80	80
U197;size=2	OR290806|Merluccius_gayi	97.500	80	80
U197;size=2	OR290807|Merluccius_gayi	97.500	80	80
U197;size=2	OR290808|Merluccius_gayi	97.500	80	80
U197;size=2	OR290809|Merluccius_gayi	97.500	80	80
U198;size=2	HM007690|Merluccius_capensis	100.000	80	80
U198;size=2	HM007691|Merluccius_capensis	100.000	80	80
U198;size=2	HM007692|Merluccius_capensis	100.000	80	80
U198;size=2	HQ611082|Merluccius_capensis	100.000	80	80
U198;size=2	JF493880|Merluccius_capensis	100.000	80	80
U198;size=2	JF493881|Merluccius_capensis	100.000	80	80
U198;size=2	JF493882|Merluccius_capensis	100.000	80	80
U198;size=2	JF493883|Merluccius_capensis	100.000	80	80
U198;size=2	JF493884|Merluccius_capensis	100.000	80	80
U198;size=2	OR290799|Merluccius_gayi	100.000	80	80
U198;size=2	OR290803|Merluccius_gayi	100.000	80	80
U198;size=2	OR290806|Merluccius_gayi	100.000	80	80
U198;size=2	OR290807|Merluccius_gayi	100.000	80	80
U198;size=2	OR290809|Merluccius_gayi	100.000	80	80
U198;size=2	OR290813|Merluccius_gayi	100.000	79	80
U198;size=2	EU074468|Merluccius_australis	98.750	80	80
U198;size=2	KM255095|Merluccius_australis	98.750	80	80
U198;size=2	KM255096|Merluccius_australis	98.750	80	80
U198;size=2	KM255097|Merluccius_australis	98.750	80	80
U198;size=2	KM255098|Merluccius_australis	98.750	80	80
U198;size=2	KM255099|Merluccius_australis	98.750	80	80
U198;size=2	KM255100|Merluccius_australis	98.750	80	80
U198;size=2	KM255101|Merluccius_australis	98.750	80	80
U198;size=2	KM255102|Merluccius_australis	98.750	80	80
U198;size=2	KM255103|Merluccius_australis	98.750	80	80
U198;size=2	KM255104|Merluccius_australis	98.750	80	80
U198;size=2	KM255106|Merluccius_australis	98.750	80	80
U198;size=2	MN893172|Merluccius_australis	98.750	80	80
U198;size=2	MT890548|Merluccius_australis	98.750	80	80
U198;size=2	OR290808|Merluccius_gayi	98.750	80	80
U198;size=2	OR290814|Merluccius_gayi	98.750	80	80
U198;size=2	KX017716|Merluccius_paradoxus	98.750	80	80
U198;size=2	KX017725|Merluccius_paradoxus	98.750	80	80
U198;size=2	JF493885|Merluccius_paradoxus	98.750	80	80
U198;size=2	JF493886|Merluccius_paradoxus	98.750	80	80
U198;size=2	JF493887|Merluccius_paradoxus	98.750	80	80
U198;size=2	JF493888|Merluccius_paradoxus	98.750	80	80
U198;size=2	JF493889|Merluccius_paradoxus	98.750	80	80
U198;size=2	OR290810|Merluccius_gayi	100.000	76	80
U198;size=2	OR290815|Merluccius_gayi	100.000	76	80
U198;size=2	KM255105|Merluccius_australis	97.500	80	80
U198;size=2	OR290816|Merluccius_gayi	100.000	72	80
U198;size=2	HM007684|Merluccius_paradoxus	98.667	75	80
U198;size=2	HM007685|Merluccius_paradoxus	98.667	75	80
U198;size=2	HM007686|Merluccius_paradoxus	98.667	75	80
U198;size=2	HM007687|Merluccius_paradoxus	98.667	75	80
U198;size=2	HM007688|Merluccius_paradoxus	98.667	75	80
U198;size=2	HM007689|Merluccius_paradoxus	98.667	75	80
U198;size=2	EU074477|Merluccius_hubbsi	96.250	80	80
U198;size=2	EU074478|Merluccius_hubbsi	96.250	80	80
U202;size=2	ON097886|Sander_lucioperca	100.000	74	80
U202;size=2	ON097303|Sander_lucioperca	100.000	74	80
U202;size=2	MT833816|Sander_lucioperca	98.649	74	80
U202;size=2	ON097642|Sander_lucioperca	98.649	74	80
U202;size=2	ON097742|Sander_lucioperca	98.649	74	80
U202;size=2	ON934138|Sander_lucioperca	98.649	74	80
U202;size=2	PQ394796|Sander_lucioperca	98.649	74	80
U202;size=2	PP702697|Sander_lucioperca	98.649	74	80
U202;size=2	PV841528|Sander_lucioperca	98.649	74	80
U202;size=2	PV841529|Sander_lucioperca	98.649	74	80
U202;size=2	PV841530|Sander_lucioperca	98.649	74	80
U202;size=2	PV841531|Sander_lucioperca	98.649	74	80
U202;size=2	PV841532|Sander_lucioperca	98.649	74	80
U202;size=2	PV841533|Sander_lucioperca	98.649	74	80
U202;size=2	PV841534|Sander_lucioperca	98.649	74	80
U202;size=2	PV841535|Sander_lucioperca	98.649	74	80
U202;size=2	PV841536|Sander_lucioperca	98.649	74	80
U202;size=2	PV841537|Sander_lucioperca	98.649	74	80
U202;size=2	PV841538|Sander_lucioperca	98.649	74	80
U202;size=2	PV841539|Sander_lucioperca	98.649	74	80
U207;size=2	ON545962|Pleuronectes_platessa	98.684	76	80
U207;size=2	MK283725|Limanda_aspera	95.000	80	80
U207;size=2	ON545949|Pleuronectes_platessa	100.000	61	80
U207;size=2	ON545954|Pleuronectes_platessa	100.000	61	80
U207;size=2	MT890558|Pleuronectes_platessa	100.000	56	80
U207;size=2	MN893185|Pleuronectes_platessa	100.000	53	80
U207;size=2	LC146692|Pollachius_virens	92.647	68	80
U207;size=2	MT890560|Pleuronectes_platessa	96.429	56	80
U207;size=2	MW435027|Limanda_aspera	96.226	53	80
U207;size=2	MT890559|Pleuronectes_platessa	94.643	56	80
U207;size=2	MK241678|Pollachius_virens	90.323	62	80
U207;size=2	MK241680|Pollachius_virens	90.323	62	80
U207;size=2	KX119494|Pollachius_virens	90.196	51	80
U207;size=2	KX119495|Pollachius_virens	90.196	51	80
U207;size=2	MN893170|Pollachius_virens	90.196	51	80
U207;size=2	MT455166|Pollachius_virens	90.196	51	80
U207;size=2	PV496049|Pollachius_virens	90.196	51	80
U207;size=2	PV496050|Pollachius_virens	90.196	51	80
U207;size=2	PQ034643|Pollachius_virens	90.000	50	80
U207;size=2	PQ034644|Pollachius_virens	90.000	50	80
U207;size=2	PQ034645|Pollachius_virens	90.000	50	80
U207;size=2	MW829385|Limanda_aspera	94.872	39	80
U207;size=2	ON545944|Pleuronectes_platessa	100.000	28	80
U215;size=2	MK283725|Limanda_aspera	96.250	80	80
U215;size=2	ON545962|Pleuronectes_platessa	97.368	76	80
U215;size=2	ON545949|Pleuronectes_platessa	100.000	61	80
U215;size=2	ON545954|Pleuronectes_platessa	100.000	61	80
U215;size=2	MT890558|Pleuronectes_platessa	100.000	56	80
U215;size=2	MN893185|Pleuronectes_platessa	100.000	53	80
U215;size=2	MT890560|Pleuronectes_platessa	96.429	56	80
U215;size=2	LC146692|Pollachius_virens	91.176	68	80
U215;size=2	MW435027|Limanda_aspera	96.226	53	80
U215;size=2	MT890559|Pleuronectes_platessa	94.643	56	80
U215;size=2	MK241678|Pollachius_virens	90.323	62	80
U215;size=2	MK241680|Pollachius_virens	90.323	62	80
U215;size=2	KX119494|Pollachius_virens	90.196	51	80
U215;size=2	KX119495|Pollachius_virens	90.196	51	80
U215;size=2	MN893170|Pollachius_virens	90.196	51	80
U215;size=2	MT455166|Pollachius_virens	90.196	51	80
U215;size=2	PV496049|Pollachius_virens	90.196	51	80
U215;size=2	PV496050|Pollachius_virens	90.196	51	80
U215;size=2	PQ034643|Pollachius_virens	90.000	50	80
U215;size=2	PQ034644|Pollachius_virens	90.000	50	80
U215;size=2	PQ034645|Pollachius_virens	90.000	50	80
U215;size=2	MW829385|Limanda_aspera	94.872	39	80
U215;size=2	ON545944|Pleuronectes_platessa	100.000	28	80
U219;size=2	MG253482|Pleuronectes_platessa	97.436	78	80
U219;size=2	MG253483|Pleuronectes_platessa	97.436	78	80
U219;size=2	MG253484|Pleuronectes_platessa	97.436	78	80
U219;size=2	MG253485|Pleuronectes_platessa	97.436	78	80
U219;size=2	MG253486|Pleuronectes_platessa	97.436	78	80
U219;size=2	MG253487|Pleuronectes_platessa	97.436	78	80
U219;size=2	MG253488|Pleuronectes_platessa	97.436	78	80
U219;size=2	MG253489|Pleuronectes_platessa	97.436	78	80
U219;size=2	MG253490|Pleuronectes_platessa	97.436	78	80
U219;size=2	MG253491|Pleuronectes_platessa	97.436	78	80
U219;size=2	MN893185|Pleuronectes_platessa	97.436	78	80
U219;size=2	MK216614|Pleuronectes_platessa	97.436	78	80
U219;size=2	MT890558|Pleuronectes_platessa	97.436	78	80
U219;size=2	MT890559|Pleuronectes_platessa	97.436	78	80
U219;size=2	MT890560|Pleuronectes_platessa	97.436	78	80
U219;size=2	MN756319|Pleuronectes_platessa	97.436	78	80
U219;size=2	ON545944|Pleuronectes_platessa	97.436	78	80
U219;size=2	ON545949|Pleuronectes_platessa	97.436	78	80
U219;size=2	ON545954|Pleuronectes_platessa	97.436	78	80
U219;size=2	ON545962|Pleuronectes_platessa	97.436	78	80
U219;size=2	EU513662|Limanda_aspera	93.590	78	80
U219;size=2	EU513663|Limanda_aspera	93.590	78	80
U219;size=2	MG205133|Limanda_aspera	93.590	78	80
U219;size=2	MW692350|Limanda_aspera	93.590	78	80
U219;size=2	MZ317440|Limanda_aspera	93.590	78	80
U219;size=2	MW435027|Limanda_aspera	93.590	78	80
U219;size=2	EU513661|Limanda_aspera	92.308	78	80
U219;size=2	MK283723|Limanda_aspera	92.308	78	80
U219;size=2	MZ314738|Limanda_aspera	92.308	78	80
U219;size=2	MW829385|Limanda_aspera	92.308	78	80
U219;size=2	ON089662|Limanda_aspera	92.308	78	80
U219;size=2	PV541577|Limanda_aspera	92.308	78	80
U219;size=2	PV541609|Limanda_aspera	92.308	78	80
U219;size=2	MK283722|Limanda_aspera	92.647	68	80
U219;size=2	MK283726|Limanda_aspera	92.647	68	80
U219;size=2	MK283724|Limanda_aspera	92.537	67	80
U219;size=2	MG204933|Limanda_aspera	93.651	63	80
U219;size=2	MK283721|Limanda_aspera	95.000	60	80
U222;size=2	ON097886|Sander_lucioperca	98.750	80	80
U222;size=2	ON097303|Sander_lucioperca	98.750	80	80
U222;size=2	MT833816|Sander_lucioperca	97.500	80	80
U222;size=2	ON097642|Sander_lucioperca	97.500	80	80
U222;size=2	ON097742|Sander_lucioperca	97.500	80	80
U222;size=2	ON934138|Sander_lucioperca	97.500	80	80
U222;size=2	PQ394796|Sander_lucioperca	97.500	80	80
U222;size=2	PP702697|Sander_lucioperca	97.500	80	80
U222;size=2	PV841528|Sander_lucioperca	97.500	80	80
U222;size=2	PV841529|Sander_lucioperca	97.500	80	80
U222;size=2	PV841530|Sander_lucioperca	97.500	80	80
U222;size=2	PV841531|Sander_lucioperca	97.500	80	80
U222;size=2	PV841532|Sander_lucioperca	97.500	80	80
U222;size=2	PV841533|Sander_lucioperca	97.500	80	80
U222;size=2	PV841534|Sander_lucioperca	97.500	80	80
U222;size=2	PV841535|Sander_lucioperca	97.500	80	80
U222;size=2	PV841536|Sander_lucioperca	97.500	80	80
U222;size=2	PV841537|Sander_lucioperca	97.500	80	80
U222;size=2	PV841538|Sander_lucioperca	97.500	80	80
U222;size=2	PV841539|Sander_lucioperca	97.500	80	80
U223;size=2	OQ932941|Gadus_chalcogrammus	98.485	66	80
U223;size=2	LC146692|Pollachius_virens	95.775	71	80
U223;size=2	MK241678|Pollachius_virens	98.462	65	80
U223;size=2	MK241680|Pollachius_virens	98.462	65	80
U223;size=2	OR290803|Merluccius_gayi	95.775	71	80
U223;size=2	OR290809|Merluccius_gayi	93.506	77	80
U223;size=2	OR290814|Merluccius_gayi	93.506	77	80
U223;size=2	ON545935|Gadus_morhua	96.923	65	80
U223;size=2	ON545937|Gadus_morhua	96.923	65	80
U223;size=2	ON545957|Gadus_morhua	96.923	65	80
U223;size=2	PP087981|Gadus_morhua	100.000	57	80
U223;size=2	PP087982|Gadus_morhua	100.000	57	80
U223;size=2	PP087983|Gadus_morhua	100.000	57	80
U223;size=2	ON545931|Gadus_morhua	100.000	56	80
U223;size=2	ON545933|Gadus_morhua	100.000	56	80
U223;size=2	ON545938|Gadus_morhua	100.000	56	80
U223;size=2	MW435025|Arctogadus_glacialis	100.000	54	80
U223;size=2	MW435087|Arctogadus_glacialis	100.000	54	80
U223;size=2	MW435088|Arctogadus_glacialis	100.000	54	80
U223;size=2	MW435090|Arctogadus_glacialis	100.000	54	80
U223;size=2	MW435091|Arctogadus_glacialis	100.000	54	80
U223;size=2	MW435092|Arctogadus_glacialis	100.000	54	80
U223;size=2	MW435093|Arctogadus_glacialis	100.000	54	80
U223;size=2	MW435094|Arctogadus_glacialis	100.000	54	80
U223;size=2	MW435095|Arctogadus_glacialis	100.000	54	80
U223;size=2	MW435096|Arctogadus_glacialis	100.000	54	80
U223;size=2	MW435098|Arctogadus_glacialis	100.000	54	80
U223;size=2	MW435099|Arctogadus_glacialis	100.000	54	80
U223;size=2	MW435100|Arctogadus_glacialis	100.000	54	80
U223;size=2	MW435103|Arctogadus_glacialis	100.000	54	80
U223;size=2	MW435104|Arctogadus_glacialis	100.000	54	80
U223;size=2	MW435139|Arctogadus_glacialis	100.000	54	80
U223;size=2	MW435147|Arctogadus_glacialis	100.000	54	80
U223;size=2	PV496041|Arctogadus_glacialis	100.000	54	80
U223;size=2	MZ097918|Gadus_chalcogrammus	98.246	57	80
U223;size=2	MZ097919|Gadus_chalcogrammus	98.246	57	80
U223;size=2	MZ097920|Gadus_chalcogrammus	98.246	57	80
U223;size=2	MZ097921|Gadus_chalcogrammus	98.246	57	80
U223;size=2	MZ097922|Gadus_chalcogrammus	98.246	57	80
U223;size=2	MZ097923|Gadus_chalcogrammus	98.246	57	80
U223;size=2	MZ097924|Gadus_chalcogrammus	98.246	57	80
U223;size=2	MZ097925|Gadus_chalcogrammus	98.246	57	80
U223;size=2	MZ097926|Gadus_chalcogrammus	98.246	57	80
U223;size=2	MW435038|Gadus_chalcogrammus	100.000	54	80
U223;size=2	MW435064|Gadus_chalcogrammus	100.000	54	80
U223;size=2	MW435131|Gadus_chalcogrammus	100.000	54	80
U223;size=2	PX398564|Gadus_chalcogrammus	100.000	54	80
U223;size=2	OR290806|Merluccius_gayi	96.610	59	80
U223;size=2	KX119494|Pollachius_virens	98.148	54	80
U223;size=2	KX119495|Pollachius_virens	98.148	54	80
U230;size=2	GU581264|Pollachius_virens	96.104	77	80
U230;size=2	FJ215186|Pollachius_virens	96.104	77	80
U230;size=2	KJ128866|Pollachius_virens	96.104	77	80
U230;size=2	KJ128867|Pollachius_virens	96.104	77	80
U230;size=2	AY850363|Gadus_morhua	96.104	77	80
U230;size=2	AY141399|Gadus_morhua	96.104	77	80
U230;size=2	GU018116|Gadus_morhua	96.104	77	80
U230;size=2	GU931786|Gadus_morhua	96.104	77	80
U230;size=2	GU324163|Gadus_morhua	96.104	77	80
U230;size=2	JX121817|Gadus_morhua	96.104	77	80
U230;size=2	KJ128772|Gadus_morhua	96.104	77	80
U230;size=2	KJ128773|Gadus_morhua	96.104	77	80
U230;size=2	AY850362|Gadus_chalcogrammus	96.104	77	80
U230;size=2	GU581268|Gadus_chalcogrammus	96.104	77	80
U230;size=2	EF119324|Gadus_chalcogrammus	96.104	77	80
U230;size=2	EF119325|Gadus_chalcogrammus	96.104	77	80
U230;size=2	KJ010584|Gadus_chalcogrammus	96.104	77	80
U230;size=2	KJ010598|Gadus_chalcogrammus	96.104	77	80
U230;size=2	KJ010660|Gadus_chalcogrammus	96.104	77	80
U230;size=2	KJ010704|Gadus_chalcogrammus	96.104	77	80
U230;size=2	AY800003|Gadus_chalcogrammus	97.260	73	80
U230;size=2	AF420461|Pollachius_virens	98.246	57	80
U230;size=2	AF420462|Gadus_morhua	98.246	57	80
U230;size=2	EU548102|Gadus_chalcogrammus	98.039	51	80
U230;size=2	EU548198|Gadus_chalcogrammus	98.039	51	80
U230;size=2	EU548199|Gadus_chalcogrammus	98.039	51	80
U238;size=2	MK283725|Limanda_aspera	97.500	80	80
U238;size=2	ON545962|Pleuronectes_platessa	96.053	76	80
U238;size=2	ON545949|Pleuronectes_platessa	100.000	61	80
U238;size=2	ON545954|Pleuronectes_platessa	100.000	61	80
U238;size=2	MT890558|Pleuronectes_platessa	100.000	56	80
U238;size=2	MN893185|Pleuronectes_platessa	100.000	53	80
U238;size=2	MT890560|Pleuronectes_platessa	96.429	56	80
U238;size=2	LC146692|Pollachius_virens	91.176	68	80
U238;size=2	MW435027|Limanda_aspera	96.226	53	80
U238;size=2	MT890559|Pleuronectes_platessa	94.643	56	80
U238;size=2	MK241678|Pollachius_virens	90.323	62	80
U238;size=2	MK241680|Pollachius_virens	90.323	62	80
U238;size=2	KX119494|Pollachius_virens	90.196	51	80
U238;size=2	KX119495|Pollachius_virens	90.196	51	80
U238;size=2	MN893170|Pollachius_virens	90.196	51	80
U238;size=2	MT455166|Pollachius_virens	90.196	51	80
U238;size=2	PV496049|Pollachius_virens	90.196	51	80
U238;size=2	PV496050|Pollachius_virens	90.196	51	80
U238;size=2	PQ034643|Pollachius_virens	90.000	50	80
U238;size=2	PQ034644|Pollachius_virens	90.000	50	80
U238;size=2	PQ034645|Pollachius_virens	90.000	50	80
U238;size=2	MW829385|Limanda_aspera	94.872	39	80
U238;size=2	ON545944|Pleuronectes_platessa	100.000	28	80
U240;size=2	GU581264|Pollachius_virens	97.500	80	80
U240;size=2	AF420462|Gadus_morhua	97.500	80	80
U240;size=2	AY850363|Gadus_morhua	97.500	80	80
U240;size=2	AY141399|Gadus_morhua	97.500	80	80
U240;size=2	GU018116|Gadus_morhua	97.500	80	80
U240;size=2	GU931786|Gadus_morhua	97.500	80	80
U240;size=2	GU324163|Gadus_morhua	97.500	80	80
U240;size=2	JX121817|Gadus_morhua	97.500	80	80
U240;size=2	KJ128772|Gadus_morhua	97.500	80	80
U240;size=2	KJ128773|Gadus_morhua	97.500	80	80
U240;size=2	EU548199|Gadus_chalcogrammus	95.833	72	80
U240;size=2	AY800003|Gadus_chalcogrammus	92.500	80	80
U240;size=2	AY850362|Gadus_chalcogrammus	92.500	80	80
U240;size=2	FJ215192|Gadus_chalcogrammus	92.500	80	80
U240;size=2	GU581268|Gadus_chalcogrammus	92.500	80	80
U240;size=2	EF119324|Gadus_chalcogrammus	92.500	80	80
U240;size=2	EF119325|Gadus_chalcogrammus	92.500	80	80
U240;size=2	KJ010584|Gadus_chalcogrammus	92.500	80	80
U240;size=2	KJ010598|Gadus_chalcogrammus	92.500	80	80
U240;size=2	KJ010660|Gadus_chalcogrammus	92.500	80	80
U240;size=2	KJ010704|Gadus_chalcogrammus	92.500	80	80
U240;size=2	EU548102|Gadus_chalcogrammus	94.444	72	80
U240;size=2	EU548198|Gadus_chalcogrammus	94.444	72	80
U240;size=2	AF420461|Pollachius_virens	91.250	80	80
U240;size=2	FJ215186|Pollachius_virens	91.250	80	80
U244;size=2	LC146692|Pollachius_virens	97.183	71	80
U244;size=2	OQ932941|Gadus_chalcogrammus	98.485	66	80
U244;size=2	MK241678|Pollachius_virens	98.462	65	80
U244;size=2	MK241680|Pollachius_virens	98.462	65	80
U244;size=2	OR290809|Merluccius_gayi	93.506	77	80
U244;size=2	OR290814|Merluccius_gayi	93.506	77	80
U244;size=2	OR290803|Merluccius_gayi	94.366	71	80
U244;size=2	ON545935|Gadus_morhua	96.923	65	80
U244;size=2	ON545937|Gadus_morhua	96.923	65	80
U244;size=2	ON545957|Gadus_morhua	96.923	65	80
U244;size=2	PP087981|Gadus_morhua	100.000	57	80
U244;size=2	PP087982|Gadus_morhua	100.000	57	80
U244;size=2	PP087983|Gadus_morhua	100.000	57	80
U244;size=2	ON545931|Gadus_morhua	100.000	56	80
U244;size=2	ON545933|Gadus_morhua	100.000	56	80
U244;size=2	ON545938|Gadus_morhua	100.000	56	80
U244;size=2	MW435025|Arctogadus_glacialis	100.000	54	80
U244;size=2	MW435087|Arctogadus_glacialis	100.000	54	80
U244;size=2	MW435088|Arctogadus_glacialis	100.000	54	80
U244;size=2	MW435090|Arctogadus_glacialis	100.000	54	80
U244;size=2	MW435091|Arctogadus_glacialis	100.000	54	80
U244;size=2	MW435092|Arctogadus_glacialis	100.000	54	80
U244;size=2	MW435093|Arctogadus_glacialis	100.000	54	80
U244;size=2	MW435094|Arctogadus_glacialis	100.000	54	80
U244;size=2	MW435095|Arctogadus_glacialis	100.000	54	80
U244;size=2	MW435096|Arctogadus_glacialis	100.000	54	80
U244;size=2	MW435098|Arctogadus_glacialis	100.000	54	80
U244;size=2	MW435099|Arctogadus_glacialis	100.000	54	80
U244;size=2	MW435100|Arctogadus_glacialis	100.000	54	80
U244;size=2	MW435103|Arctogadus_glacialis	100.000	54	80
U244;size=2	MW435104|Arctogadus_glacialis	100.000	54	80
U244;size=2	MW435139|Arctogadus_glacialis	100.000	54	80
U244;size=2	MW435147|Arctogadus_glacialis	100.000	54	80
U244;size=2	PV496041|Arctogadus_glacialis	100.000	54	80
U244;size=2	MZ097918|Gadus_chalcogrammus	98.246	57	80
U244;size=2	MZ097919|Gadus_chalcogrammus	98.246	57	80
U244;size=2	MZ097920|Gadus_chalcogrammus	98.246	57	80
U244;size=2	MZ097921|Gadus_chalcogrammus	98.246	57	80
U244;size=2	MZ097922|Gadus_chalcogrammus	98.246	57	80
U244;size=2	MZ097923|Gadus_chalcogrammus	98.246	57	80
U244;size=2	MZ097924|Gadus_chalcogrammus	98.246	57	80
U244;size=2	MZ097925|Gadus_chalcogrammus	98.246	57	80
U244;size=2	MZ097926|Gadus_chalcogrammus	98.246	57	80
U244;size=2	MW435038|Gadus_chalcogrammus	100.000	54	80
U244;size=2	MW435064|Gadus_chalcogrammus	100.000	54	80
U244;size=2	MW435131|Gadus_chalcogrammus	100.000	54	80
U244;size=2	PX398564|Gadus_chalcogrammus	100.000	54	80
U244;size=2	OR290806|Merluccius_gayi	96.610	59	80
U244;size=2	KX119494|Pollachius_virens	98.148	54	80
U244;size=2	KX119495|Pollachius_virens	98.148	54	80
U281;size=2	ON097886|Sander_lucioperca	100.000	77	80
U281;size=2	ON097303|Sander_lucioperca	100.000	77	80
U281;size=2	MT833816|Sander_lucioperca	98.701	77	80
U281;size=2	ON097642|Sander_lucioperca	98.701	77	80
U281;size=2	ON097742|Sander_lucioperca	98.701	77	80
U281;size=2	ON934138|Sander_lucioperca	98.701	77	80
U281;size=2	PQ394796|Sander_lucioperca	98.701	77	80
U281;size=2	PP702697|Sander_lucioperca	98.701	77	80
U281;size=2	PV841528|Sander_lucioperca	98.701	77	80
U281;size=2	PV841529|Sander_lucioperca	98.701	77	80
U281;size=2	PV841530|Sander_lucioperca	98.701	77	80
U281;size=2	PV841531|Sander_lucioperca	98.701	77	80
U281;size=2	PV841532|Sander_lucioperca	98.701	77	80
U281;size=2	PV841533|Sander_lucioperca	98.701	77	80
U281;size=2	PV841534|Sander_lucioperca	98.701	77	80
U281;size=2	PV841535|Sander_lucioperca	98.701	77	80
U281;size=2	PV841536|Sander_lucioperca	98.701	77	80
U281;size=2	PV841537|Sander_lucioperca	98.701	77	80
U281;size=2	PV841538|Sander_lucioperca	98.701	77	80
U281;size=2	PV841539|Sander_lucioperca	98.701	77	80
U281;size=2	EU074477|Merluccius_hubbsi	89.610	77	80
U281;size=2	EU074478|Merluccius_hubbsi	89.610	77	80
U281;size=2	GU324174|Merluccius_hubbsi	89.610	77	80
U281;size=2	JQ365421|Merluccius_hubbsi	89.610	77	80
U281;size=2	GU702478|Merluccius_hubbsi	89.610	77	80
U281;size=2	GU702479|Merluccius_hubbsi	89.610	77	80
U281;size=2	GU702480|Merluccius_hubbsi	89.610	77	80
U281;size=2	KF597037|Merluccius_hubbsi	89.610	77	80
U281;size=2	KJ467522|Merluccius_hubbsi	89.610	77	80
U281;size=2	KP975780|Merluccius_hubbsi	89.610	77	80
U281;size=2	KP975782|Merluccius_hubbsi	89.610	77	80
U281;size=2	GQ988401|Merluccius_hubbsi	89.610	77	80
U281;size=2	HM421964|Merluccius_hubbsi	89.610	77	80
U281;size=2	HM421965|Merluccius_hubbsi	89.610	77	80
U281;size=2	HM421966|Merluccius_hubbsi	89.610	77	80
U281;size=2	HM421967|Merluccius_hubbsi	89.610	77	80
U281;size=2	HM421968|Merluccius_hubbsi	89.610	77	80
U281;size=2	HM421969|Merluccius_hubbsi	89.610	77	80
U281;size=2	HM421970|Merluccius_hubbsi	89.610	77	80
U281;size=2	HM421971|Merluccius_hubbsi	89.610	77	80
U281;size=2	EU074468|Merluccius_australis	89.610	77	80
U281;size=2	KF597039|Merluccius_australis	89.610	77	80
U281;size=2	KJ467513|Merluccius_australis	89.610	77	80
U281;size=2	KM255095|Merluccius_australis	89.610	77	80
U281;size=2	KM255096|Merluccius_australis	89.610	77	80
U281;size=2	KM255097|Merluccius_australis	89.610	77	80
U281;size=2	KM255098|Merluccius_australis	89.610	77	80
U281;size=2	KM255099|Merluccius_australis	89.610	77	80
U281;size=2	KM255100|Merluccius_australis	89.610	77	80
U281;size=2	KM255101|Merluccius_australis	89.610	77	80
U282;size=2	ON097886|Sander_lucioperca	98.701	77	80
U282;size=2	ON097303|Sander_lucioperca	98.701	77	80
U282;size=2	MT833816|Sander_lucioperca	97.403	77	80
U282;size=2	ON097642|Sander_lucioperca	97.403	77	80
U282;size=2	ON097742|Sander_lucioperca	97.403	77	80
U282;size=2	ON934138|Sander_lucioperca	97.403	77	80
U282;size=2	PQ394796|Sander_lucioperca	97.403	77	80
U282;size=2	PP702697|Sander_lucioperca	97.403	77	80
U282;size=2	PV841528|Sander_lucioperca	97.403	77	80
U282;size=2	PV841529|Sander_lucioperca	97.403	77	80
U282;size=2	PV841530|Sander_lucioperca	97.403	77	80
U282;size=2	PV841531|Sander_lucioperca	97.403	77	80
U282;size=2	PV841532|Sander_lucioperca	97.403	77	80
U282;size=2	PV841533|Sander_lucioperca	97.403	77	80
U282;size=2	PV841534|Sander_lucioperca	97.403	77	80
U282;size=2	PV841535|Sander_lucioperca	97.403	77	80
U282;size=2	PV841536|Sander_lucioperca	97.403	77	80
U282;size=2	PV841537|Sander_lucioperca	97.403	77	80
U282;size=2	PV841538|Sander_lucioperca	97.403	77	80
U282;size=2	PV841539|Sander_lucioperca	97.403	77	80
U283;size=2	ON097886|Sander_lucioperca	97.500	80	80
U283;size=2	ON097303|Sander_lucioperca	97.500	80	80
U283;size=2	MT833816|Sander_lucioperca	96.250	80	80
U283;size=2	ON097642|Sander_lucioperca	96.250	80	80
U283;size=2	ON097742|Sander_lucioperca	96.250	80	80
U283;size=2	ON934138|Sander_lucioperca	96.250	80	80
U283;size=2	PQ394796|Sander_lucioperca	96.250	80	80
U283;size=2	PP702697|Sander_lucioperca	96.250	80	80
U283;size=2	PV841528|Sander_lucioperca	96.250	80	80
U283;size=2	PV841529|Sander_lucioperca	96.250	80	80
U283;size=2	PV841530|Sander_lucioperca	96.250	80	80
U283;size=2	PV841531|Sander_lucioperca	96.250	80	80
U283;size=2	PV841532|Sander_lucioperca	96.250	80	80
U283;size=2	PV841533|Sander_lucioperca	96.250	80	80
U283;size=2	PV841534|Sander_lucioperca	96.250	80	80
U283;size=2	PV841535|Sander_lucioperca	96.250	80	80
U283;size=2	PV841536|Sander_lucioperca	96.250	80	80
U283;size=2	PV841537|Sander_lucioperca	96.250	80	80
U283;size=2	PV841538|Sander_lucioperca	96.250	80	80
U283;size=2	PV841539|Sander_lucioperca	96.250	80	80
