U1;size=827	MW831011|Gadus_morhua	100.000	80	80
U1;size=827	ON545931|Gadus_morhua	100.000	80	80
U1;size=827	ON545937|Gadus_morhua	100.000	80	80
U1;size=827	ON545938|Gadus_morhua	100.000	80	80
U1;size=827	ON545957|Gadus_morhua	100.000	80	80
U1;size=827	ON545965|Gadus_morhua	100.000	80	80
U1;size=827	MZ407824|Gadus_morhua	100.000	80	80
U1;size=827	MZ407825|Gadus_morhua	100.000	80	80
U1;size=827	PP087981|Gadus_morhua	100.000	80	80
U1;size=827	PP087982|Gadus_morhua	100.000	80	80
U1;size=827	PP087983|Gadus_morhua	100.000	80	80
U1;size=827	PQ034651|Gadus_morhua	100.000	80	80
U1;size=827	PQ034652|Gadus_morhua	100.000	80	80
U1;size=827	PQ034653|Gadus_morhua	100.000	80	80
U1;size=827	PV541600|Gadus_morhua	100.000	80	80
U1;size=827	PZ676065|Gadus_morhua	100.000	80	80
U1;size=827	MZ097918|Gadus_chalcogrammus	100.000	80	80
U1;size=827	MZ097919|Gadus_chalcogrammus	100.000	80	80
U1;size=827	MZ097920|Gadus_chalcogrammus	100.000	80	80
U1;size=827	MZ097921|Gadus_chalcogrammus	100.000	80	80
U1;size=827	MZ097922|Gadus_chalcogrammus	100.000	80	80
U1;size=827	MZ097923|Gadus_chalcogrammus	100.000	80	80
U1;size=827	MZ097924|Gadus_chalcogrammus	100.000	80	80
U1;size=827	MZ097925|Gadus_chalcogrammus	100.000	80	80
U1;size=827	MZ097926|Gadus_chalcogrammus	100.000	80	80
U1;size=827	MZ407786|Gadus_chalcogrammus	100.000	80	80
U1;size=827	MW435038|Gadus_chalcogrammus	100.000	80	80
U1;size=827	MW435064|Gadus_chalcogrammus	100.000	80	80
U1;size=827	MW435065|Gadus_chalcogrammus	100.000	80	80
U1;size=827	MW435131|Gadus_chalcogrammus	100.000	80	80
U1;size=827	OQ932941|Gadus_chalcogrammus	100.000	80	80
U1;size=827	PV541582|Gadus_chalcogrammus	100.000	80	80
U1;size=827	PV541586|Gadus_chalcogrammus	100.000	80	80
U1;size=827	PX398564|Gadus_chalcogrammus	100.000	80	80
U1;size=827	ON545935|Gadus_morhua	98.750	80	80
U1;size=827	MZ169750|Arctogadus_glacialis	98.750	80	80
U1;size=827	MZ169751|Arctogadus_glacialis	98.750	80	80
U1;size=827	MW435025|Arctogadus_glacialis	98.750	80	80
U1;size=827	MW435087|Arctogadus_glacialis	98.750	80	80
U1;size=827	MW435088|Arctogadus_glacialis	98.750	80	80
U1;size=827	MW435090|Arctogadus_glacialis	98.750	80	80
U1;size=827	MW435091|Arctogadus_glacialis	98.750	80	80
U1;size=827	MW435092|Arctogadus_glacialis	98.750	80	80
U1;size=827	MW435094|Arctogadus_glacialis	98.750	80	80
U1;size=827	MW435095|Arctogadus_glacialis	98.750	80	80
U1;size=827	MW435096|Arctogadus_glacialis	98.750	80	80
U1;size=827	MW435098|Arctogadus_glacialis	98.750	80	80
U1;size=827	MW435099|Arctogadus_glacialis	98.750	80	80
U1;size=827	MW435100|Arctogadus_glacialis	98.750	80	80
U1;size=827	MW435103|Arctogadus_glacialis	98.750	80	80
U2;size=373	MW435025|Arctogadus_glacialis	100.000	80	80
U2;size=373	MW435087|Arctogadus_glacialis	100.000	80	80
U2;size=373	MW435088|Arctogadus_glacialis	100.000	80	80
U2;size=373	MW435090|Arctogadus_glacialis	100.000	80	80
U2;size=373	MW435091|Arctogadus_glacialis	100.000	80	80
U2;size=373	MW435092|Arctogadus_glacialis	100.000	80	80
U2;size=373	MW435093|Arctogadus_glacialis	100.000	80	80
U2;size=373	MW435094|Arctogadus_glacialis	100.000	80	80
U2;size=373	MW435095|Arctogadus_glacialis	100.000	80	80
U2;size=373	MW435096|Arctogadus_glacialis	100.000	80	80
U2;size=373	MW435098|Arctogadus_glacialis	100.000	80	80
U2;size=373	MW435099|Arctogadus_glacialis	100.000	80	80
U2;size=373	MW435100|Arctogadus_glacialis	100.000	80	80
U2;size=373	MW435103|Arctogadus_glacialis	100.000	80	80
U2;size=373	MW435104|Arctogadus_glacialis	100.000	80	80
U2;size=373	MW435139|Arctogadus_glacialis	100.000	80	80
U2;size=373	MW435147|Arctogadus_glacialis	100.000	80	80
U2;size=373	PV496041|Arctogadus_glacialis	100.000	80	80
U2;size=373	ON545931|Gadus_morhua	100.000	80	80
U2;size=373	ON545933|Gadus_morhua	100.000	80	80
U2;size=373	ON545935|Gadus_morhua	100.000	80	80
U2;size=373	ON545937|Gadus_morhua	100.000	80	80
U2;size=373	ON545938|Gadus_morhua	100.000	80	80
U2;size=373	ON545957|Gadus_morhua	100.000	80	80
U2;size=373	PP087981|Gadus_morhua	100.000	80	80
U2;size=373	PP087982|Gadus_morhua	100.000	80	80
U2;size=373	PP087983|Gadus_morhua	100.000	80	80
U2;size=373	MW435038|Gadus_chalcogrammus	100.000	80	80
U2;size=373	MW435064|Gadus_chalcogrammus	100.000	80	80
U2;size=373	MW435131|Gadus_chalcogrammus	100.000	80	80
U2;size=373	OQ932941|Gadus_chalcogrammus	100.000	80	80
U2;size=373	PX398564|Gadus_chalcogrammus	100.000	80	80
U2;size=373	MZ097918|Gadus_chalcogrammus	98.750	80	80
U2;size=373	MZ097919|Gadus_chalcogrammus	98.750	80	80
U2;size=373	MZ097920|Gadus_chalcogrammus	98.750	80	80
U2;size=373	MZ097921|Gadus_chalcogrammus	98.750	80	80
U2;size=373	MZ097922|Gadus_chalcogrammus	98.750	80	80
U2;size=373	MZ097923|Gadus_chalcogrammus	98.750	80	80
U2;size=373	MZ097924|Gadus_chalcogrammus	98.750	80	80
U2;size=373	MZ097925|Gadus_chalcogrammus	98.750	80	80
U2;size=373	MZ097926|Gadus_chalcogrammus	98.750	80	80
U2;size=373	MW435065|Gadus_chalcogrammus	98.750	80	80
U2;size=373	KX119494|Pollachius_virens	100.000	76	80
U2;size=373	KX119495|Pollachius_virens	100.000	76	80
U2;size=373	LC146692|Pollachius_virens	100.000	76	80
U2;size=373	MN893170|Pollachius_virens	100.000	76	80
U2;size=373	MK241678|Pollachius_virens	100.000	76	80
U2;size=373	MK241680|Pollachius_virens	100.000	76	80
U2;size=373	MT455166|Pollachius_virens	100.000	76	80
U2;size=373	PQ034643|Pollachius_virens	100.000	76	80
U3;size=251	LC146692|Pollachius_virens	97.143	70	80
U3;size=251	OQ932941|Gadus_chalcogrammus	98.462	65	80
U3;size=251	MK241678|Pollachius_virens	98.438	64	80
U3;size=251	MK241680|Pollachius_virens	98.438	64	80
U3;size=251	OR290809|Merluccius_gayi	92.308	78	80
U3;size=251	OR290814|Merluccius_gayi	92.308	78	80
U3;size=251	OR290803|Merluccius_gayi	94.286	70	80
U3;size=251	ON545935|Gadus_morhua	96.875	64	80
U3;size=251	ON545937|Gadus_morhua	96.875	64	80
U3;size=251	ON545957|Gadus_morhua	96.875	64	80
U3;size=251	PP087981|Gadus_morhua	100.000	56	80
U3;size=251	PP087982|Gadus_morhua	100.000	56	80
U3;size=251	PP087983|Gadus_morhua	100.000	56	80
U3;size=251	ON545931|Gadus_morhua	100.000	55	80
U3;size=251	ON545933|Gadus_morhua	100.000	55	80
U3;size=251	ON545938|Gadus_morhua	100.000	55	80
U3;size=251	MW435025|Arctogadus_glacialis	100.000	53	80
U3;size=251	MW435087|Arctogadus_glacialis	100.000	53	80
U3;size=251	MW435088|Arctogadus_glacialis	100.000	53	80
U3;size=251	MW435090|Arctogadus_glacialis	100.000	53	80
U3;size=251	MW435091|Arctogadus_glacialis	100.000	53	80
U3;size=251	MW435092|Arctogadus_glacialis	100.000	53	80
U3;size=251	MW435093|Arctogadus_glacialis	100.000	53	80
U3;size=251	MW435094|Arctogadus_glacialis	100.000	53	80
U3;size=251	MW435095|Arctogadus_glacialis	100.000	53	80
U3;size=251	MW435096|Arctogadus_glacialis	100.000	53	80
U3;size=251	MW435098|Arctogadus_glacialis	100.000	53	80
U3;size=251	MW435099|Arctogadus_glacialis	100.000	53	80
U3;size=251	MW435100|Arctogadus_glacialis	100.000	53	80
U3;size=251	MW435103|Arctogadus_glacialis	100.000	53	80
U3;size=251	MW435104|Arctogadus_glacialis	100.000	53	80
U3;size=251	MW435139|Arctogadus_glacialis	100.000	53	80
U3;size=251	MW435147|Arctogadus_glacialis	100.000	53	80
U3;size=251	PV496041|Arctogadus_glacialis	100.000	53	80
U3;size=251	MZ097918|Gadus_chalcogrammus	98.214	56	80
U3;size=251	MZ097919|Gadus_chalcogrammus	98.214	56	80
U3;size=251	MZ097920|Gadus_chalcogrammus	98.214	56	80
U3;size=251	MZ097921|Gadus_chalcogrammus	98.214	56	80
U3;size=251	MZ097922|Gadus_chalcogrammus	98.214	56	80
U3;size=251	MZ097923|Gadus_chalcogrammus	98.214	56	80
U3;size=251	MZ097924|Gadus_chalcogrammus	98.214	56	80
U3;size=251	MZ097925|Gadus_chalcogrammus	98.214	56	80
U3;size=251	MZ097926|Gadus_chalcogrammus	98.214	56	80
U3;size=251	MW435038|Gadus_chalcogrammus	100.000	53	80
U3;size=251	MW435064|Gadus_chalcogrammus	100.000	53	80
U3;size=251	MW435131|Gadus_chalcogrammus	100.000	53	80
U3;size=251	PX398564|Gadus_chalcogrammus	100.000	53	80
U3;size=251	OR290806|Merluccius_gayi	96.552	58	80
U3;size=251	KX119494|Pollachius_virens	98.113	53	80
U3;size=251	KX119495|Pollachius_virens	98.113	53	80
U4;size=134	LC146692|Pollachius_virens	98.571	70	80
U4;size=134	ON545935|Gadus_morhua	98.438	64	80
U4;size=134	ON545937|Gadus_morhua	98.438	64	80
U4;size=134	ON545957|Gadus_morhua	98.438	64	80
U4;size=134	OQ932941|Gadus_chalcogrammus	96.923	65	80
U4;size=134	MK241678|Pollachius_virens	96.875	64	80
U4;size=134	MK241680|Pollachius_virens	96.875	64	80
U4;size=134	OR290809|Merluccius_gayi	91.026	78	80
U4;size=134	OR290814|Merluccius_gayi	91.026	78	80
U4;size=134	PP087981|Gadus_morhua	100.000	56	80
U4;size=134	PP087982|Gadus_morhua	100.000	56	80
U4;size=134	PP087983|Gadus_morhua	100.000	56	80
U4;size=134	OR290803|Merluccius_gayi	92.857	70	80
U4;size=134	ON545931|Gadus_morhua	100.000	55	80
U4;size=134	ON545933|Gadus_morhua	100.000	55	80
U4;size=134	ON545938|Gadus_morhua	100.000	55	80
U4;size=134	MW435025|Arctogadus_glacialis	100.000	53	80
U4;size=134	MW435087|Arctogadus_glacialis	100.000	53	80
U4;size=134	MW435088|Arctogadus_glacialis	100.000	53	80
U4;size=134	MW435090|Arctogadus_glacialis	100.000	53	80
U4;size=134	MW435091|Arctogadus_glacialis	100.000	53	80
U4;size=134	MW435092|Arctogadus_glacialis	100.000	53	80
U4;size=134	MW435093|Arctogadus_glacialis	100.000	53	80
U4;size=134	MW435094|Arctogadus_glacialis	100.000	53	80
U4;size=134	MW435095|Arctogadus_glacialis	100.000	53	80
U4;size=134	MW435096|Arctogadus_glacialis	100.000	53	80
U4;size=134	MW435098|Arctogadus_glacialis	100.000	53	80
U4;size=134	MW435099|Arctogadus_glacialis	100.000	53	80
U4;size=134	MW435100|Arctogadus_glacialis	100.000	53	80
U4;size=134	MW435103|Arctogadus_glacialis	100.000	53	80
U4;size=134	MW435104|Arctogadus_glacialis	100.000	53	80
U4;size=134	MW435139|Arctogadus_glacialis	100.000	53	80
U4;size=134	MW435147|Arctogadus_glacialis	100.000	53	80
U4;size=134	PV496041|Arctogadus_glacialis	100.000	53	80
U4;size=134	MZ097918|Gadus_chalcogrammus	98.214	56	80
U4;size=134	MZ097919|Gadus_chalcogrammus	98.214	56	80
U4;size=134	MZ097920|Gadus_chalcogrammus	98.214	56	80
U4;size=134	MZ097921|Gadus_chalcogrammus	98.214	56	80
U4;size=134	MZ097922|Gadus_chalcogrammus	98.214	56	80
U4;size=134	MZ097923|Gadus_chalcogrammus	98.214	56	80
U4;size=134	MZ097924|Gadus_chalcogrammus	98.214	56	80
U4;size=134	MZ097925|Gadus_chalcogrammus	98.214	56	80
U4;size=134	MZ097926|Gadus_chalcogrammus	98.214	56	80
U4;size=134	MW435038|Gadus_chalcogrammus	100.000	53	80
U4;size=134	MW435064|Gadus_chalcogrammus	100.000	53	80
U4;size=134	MW435131|Gadus_chalcogrammus	100.000	53	80
U4;size=134	PX398564|Gadus_chalcogrammus	100.000	53	80
U4;size=134	OR290806|Merluccius_gayi	96.552	58	80
U4;size=134	OR290808|Merluccius_gayi	95.082	61	80
U4;size=134	KX119494|Pollachius_virens	98.113	53	80
U5;size=124	OR290809|Merluccius_gayi	93.590	78	80
U5;size=124	OR290814|Merluccius_gayi	93.590	78	80
U5;size=124	OQ932941|Gadus_chalcogrammus	98.462	65	80
U5;size=124	LC146692|Pollachius_virens	95.714	70	80
U5;size=124	MK241678|Pollachius_virens	98.438	64	80
U5;size=124	MK241680|Pollachius_virens	98.438	64	80
U5;size=124	OR290803|Merluccius_gayi	95.714	70	80
U5;size=124	ON545935|Gadus_morhua	96.875	64	80
U5;size=124	ON545937|Gadus_morhua	96.875	64	80
U5;size=124	ON545957|Gadus_morhua	96.875	64	80
U5;size=124	PP087981|Gadus_morhua	100.000	56	80
U5;size=124	PP087982|Gadus_morhua	100.000	56	80
U5;size=124	PP087983|Gadus_morhua	100.000	56	80
U5;size=124	ON545931|Gadus_morhua	100.000	55	80
U5;size=124	ON545933|Gadus_morhua	100.000	55	80
U5;size=124	ON545938|Gadus_morhua	100.000	55	80
U5;size=124	MW435025|Arctogadus_glacialis	100.000	53	80
U5;size=124	MW435087|Arctogadus_glacialis	100.000	53	80
U5;size=124	MW435088|Arctogadus_glacialis	100.000	53	80
U5;size=124	MW435090|Arctogadus_glacialis	100.000	53	80
U5;size=124	MW435091|Arctogadus_glacialis	100.000	53	80
U5;size=124	MW435092|Arctogadus_glacialis	100.000	53	80
U5;size=124	MW435093|Arctogadus_glacialis	100.000	53	80
U5;size=124	MW435094|Arctogadus_glacialis	100.000	53	80
U5;size=124	MW435095|Arctogadus_glacialis	100.000	53	80
U5;size=124	MW435096|Arctogadus_glacialis	100.000	53	80
U5;size=124	MW435098|Arctogadus_glacialis	100.000	53	80
U5;size=124	MW435099|Arctogadus_glacialis	100.000	53	80
U5;size=124	MW435100|Arctogadus_glacialis	100.000	53	80
U5;size=124	MW435103|Arctogadus_glacialis	100.000	53	80
U5;size=124	MW435104|Arctogadus_glacialis	100.000	53	80
U5;size=124	MW435139|Arctogadus_glacialis	100.000	53	80
U5;size=124	MW435147|Arctogadus_glacialis	100.000	53	80
U5;size=124	PV496041|Arctogadus_glacialis	100.000	53	80
U5;size=124	MZ097918|Gadus_chalcogrammus	98.214	56	80
U5;size=124	MZ097919|Gadus_chalcogrammus	98.214	56	80
U5;size=124	MZ097920|Gadus_chalcogrammus	98.214	56	80
U5;size=124	MZ097921|Gadus_chalcogrammus	98.214	56	80
U5;size=124	MZ097922|Gadus_chalcogrammus	98.214	56	80
U5;size=124	MZ097923|Gadus_chalcogrammus	98.214	56	80
U5;size=124	MZ097924|Gadus_chalcogrammus	98.214	56	80
U5;size=124	MZ097925|Gadus_chalcogrammus	98.214	56	80
U5;size=124	MZ097926|Gadus_chalcogrammus	98.214	56	80
U5;size=124	MW435038|Gadus_chalcogrammus	100.000	53	80
U5;size=124	MW435064|Gadus_chalcogrammus	100.000	53	80
U5;size=124	MW435131|Gadus_chalcogrammus	100.000	53	80
U5;size=124	PX398564|Gadus_chalcogrammus	100.000	53	80
U5;size=124	OR290806|Merluccius_gayi	96.552	58	80
U5;size=124	KX119494|Pollachius_virens	98.113	53	80
U5;size=124	KX119495|Pollachius_virens	98.113	53	80
U6;size=103	LC146692|Pollachius_virens	97.143	70	80
U6;size=103	OR290809|Merluccius_gayi	93.590	78	80
U6;size=103	OR290814|Merluccius_gayi	93.590	78	80
U6;size=103	OQ932941|Gadus_chalcogrammus	98.462	65	80
U6;size=103	MK241678|Pollachius_virens	98.438	64	80
U6;size=103	MK241680|Pollachius_virens	98.438	64	80
U6;size=103	OR290803|Merluccius_gayi	94.286	70	80
U6;size=103	ON545935|Gadus_morhua	96.875	64	80
U6;size=103	ON545937|Gadus_morhua	96.875	64	80
U6;size=103	ON545957|Gadus_morhua	96.875	64	80
U6;size=103	PP087981|Gadus_morhua	100.000	56	80
U6;size=103	PP087982|Gadus_morhua	100.000	56	80
U6;size=103	PP087983|Gadus_morhua	100.000	56	80
U6;size=103	ON545931|Gadus_morhua	100.000	55	80
U6;size=103	ON545933|Gadus_morhua	100.000	55	80
U6;size=103	ON545938|Gadus_morhua	100.000	55	80
U6;size=103	MW435025|Arctogadus_glacialis	100.000	53	80
U6;size=103	MW435087|Arctogadus_glacialis	100.000	53	80
U6;size=103	MW435088|Arctogadus_glacialis	100.000	53	80
U6;size=103	MW435090|Arctogadus_glacialis	100.000	53	80
U6;size=103	MW435091|Arctogadus_glacialis	100.000	53	80
U6;size=103	MW435092|Arctogadus_glacialis	100.000	53	80
U6;size=103	MW435093|Arctogadus_glacialis	100.000	53	80
U6;size=103	MW435094|Arctogadus_glacialis	100.000	53	80
U6;size=103	MW435095|Arctogadus_glacialis	100.000	53	80
U6;size=103	MW435096|Arctogadus_glacialis	100.000	53	80
U6;size=103	MW435098|Arctogadus_glacialis	100.000	53	80
U6;size=103	MW435099|Arctogadus_glacialis	100.000	53	80
U6;size=103	MW435100|Arctogadus_glacialis	100.000	53	80
U6;size=103	MW435103|Arctogadus_glacialis	100.000	53	80
U6;size=103	MW435104|Arctogadus_glacialis	100.000	53	80
U6;size=103	MW435139|Arctogadus_glacialis	100.000	53	80
U6;size=103	MW435147|Arctogadus_glacialis	100.000	53	80
U6;size=103	PV496041|Arctogadus_glacialis	100.000	53	80
U6;size=103	MZ097918|Gadus_chalcogrammus	98.214	56	80
U6;size=103	MZ097919|Gadus_chalcogrammus	98.214	56	80
U6;size=103	MZ097920|Gadus_chalcogrammus	98.214	56	80
U6;size=103	MZ097921|Gadus_chalcogrammus	98.214	56	80
U6;size=103	MZ097922|Gadus_chalcogrammus	98.214	56	80
U6;size=103	MZ097923|Gadus_chalcogrammus	98.214	56	80
U6;size=103	MZ097924|Gadus_chalcogrammus	98.214	56	80
U6;size=103	MZ097925|Gadus_chalcogrammus	98.214	56	80
U6;size=103	MZ097926|Gadus_chalcogrammus	98.214	56	80
U6;size=103	MW435038|Gadus_chalcogrammus	100.000	53	80
U6;size=103	MW435064|Gadus_chalcogrammus	100.000	53	80
U6;size=103	MW435131|Gadus_chalcogrammus	100.000	53	80
U6;size=103	PX398564|Gadus_chalcogrammus	100.000	53	80
U6;size=103	OR290806|Merluccius_gayi	96.552	58	80
U6;size=103	KX119494|Pollachius_virens	98.113	53	80
U6;size=103	KX119495|Pollachius_virens	98.113	53	80
U12;size=61	LC146692|Pollachius_virens	97.143	70	80
U12;size=61	ON545935|Gadus_morhua	98.438	64	80
U12;size=61	ON545937|Gadus_morhua	98.438	64	80
U12;size=61	ON545957|Gadus_morhua	98.438	64	80
U12;size=61	OR290809|Merluccius_gayi	92.308	78	80
U12;size=61	OR290814|Merluccius_gayi	92.308	78	80
U12;size=61	OQ932941|Gadus_chalcogrammus	96.923	65	80
U12;size=61	MK241678|Pollachius_virens	96.875	64	80
U12;size=61	MK241680|Pollachius_virens	96.875	64	80
U12;size=61	OR290803|Merluccius_gayi	94.286	70	80
U12;size=61	PP087981|Gadus_morhua	100.000	56	80
U12;size=61	PP087982|Gadus_morhua	100.000	56	80
U12;size=61	PP087983|Gadus_morhua	100.000	56	80
U12;size=61	ON545931|Gadus_morhua	100.000	55	80
U12;size=61	ON545933|Gadus_morhua	100.000	55	80
U12;size=61	ON545938|Gadus_morhua	100.000	55	80
U12;size=61	MW435025|Arctogadus_glacialis	100.000	53	80
U12;size=61	MW435087|Arctogadus_glacialis	100.000	53	80
U12;size=61	MW435088|Arctogadus_glacialis	100.000	53	80
U12;size=61	MW435090|Arctogadus_glacialis	100.000	53	80
U12;size=61	MW435091|Arctogadus_glacialis	100.000	53	80
U12;size=61	MW435092|Arctogadus_glacialis	100.000	53	80
U12;size=61	MW435093|Arctogadus_glacialis	100.000	53	80
U12;size=61	MW435094|Arctogadus_glacialis	100.000	53	80
U12;size=61	MW435095|Arctogadus_glacialis	100.000	53	80
U12;size=61	MW435096|Arctogadus_glacialis	100.000	53	80
U12;size=61	MW435098|Arctogadus_glacialis	100.000	53	80
U12;size=61	MW435099|Arctogadus_glacialis	100.000	53	80
U12;size=61	MW435100|Arctogadus_glacialis	100.000	53	80
U12;size=61	MW435103|Arctogadus_glacialis	100.000	53	80
U12;size=61	MW435104|Arctogadus_glacialis	100.000	53	80
U12;size=61	MW435139|Arctogadus_glacialis	100.000	53	80
U12;size=61	MW435147|Arctogadus_glacialis	100.000	53	80
U12;size=61	PV496041|Arctogadus_glacialis	100.000	53	80
U12;size=61	MZ097918|Gadus_chalcogrammus	98.214	56	80
U12;size=61	MZ097919|Gadus_chalcogrammus	98.214	56	80
U12;size=61	MZ097920|Gadus_chalcogrammus	98.214	56	80
U12;size=61	MZ097921|Gadus_chalcogrammus	98.214	56	80
U12;size=61	MZ097922|Gadus_chalcogrammus	98.214	56	80
U12;size=61	MZ097923|Gadus_chalcogrammus	98.214	56	80
U12;size=61	MZ097924|Gadus_chalcogrammus	98.214	56	80
U12;size=61	MZ097925|Gadus_chalcogrammus	98.214	56	80
U12;size=61	MZ097926|Gadus_chalcogrammus	98.214	56	80
U12;size=61	MW435038|Gadus_chalcogrammus	100.000	53	80
U12;size=61	MW435064|Gadus_chalcogrammus	100.000	53	80
U12;size=61	MW435131|Gadus_chalcogrammus	100.000	53	80
U12;size=61	PX398564|Gadus_chalcogrammus	100.000	53	80
U12;size=61	OR290806|Merluccius_gayi	96.552	58	80
U12;size=61	OR290808|Merluccius_gayi	95.082	61	80
U12;size=61	KX119494|Pollachius_virens	98.113	53	80
U14;size=57	MW831011|Gadus_morhua	98.649	74	80
U14;size=57	ON545931|Gadus_morhua	98.649	74	80
U14;size=57	ON545937|Gadus_morhua	98.649	74	80
U14;size=57	ON545938|Gadus_morhua	98.649	74	80
U14;size=57	ON545957|Gadus_morhua	98.649	74	80
U14;size=57	ON545965|Gadus_morhua	98.649	74	80
U14;size=57	MZ407824|Gadus_morhua	98.649	74	80
U14;size=57	MZ407825|Gadus_morhua	98.649	74	80
U14;size=57	PP087981|Gadus_morhua	98.649	74	80
U14;size=57	PP087982|Gadus_morhua	98.649	74	80
U14;size=57	PP087983|Gadus_morhua	98.649	74	80
U14;size=57	PQ034651|Gadus_morhua	98.649	74	80
U14;size=57	PQ034652|Gadus_morhua	98.649	74	80
U14;size=57	PQ034653|Gadus_morhua	98.649	74	80
U14;size=57	PV541600|Gadus_morhua	98.649	74	80
U14;size=57	PZ676065|Gadus_morhua	98.649	74	80
U14;size=57	MZ097918|Gadus_chalcogrammus	98.649	74	80
U14;size=57	MZ097919|Gadus_chalcogrammus	98.649	74	80
U14;size=57	MZ097920|Gadus_chalcogrammus	98.649	74	80
U14;size=57	MZ097921|Gadus_chalcogrammus	98.649	74	80
U14;size=57	MZ097922|Gadus_chalcogrammus	98.649	74	80
U14;size=57	MZ097923|Gadus_chalcogrammus	98.649	74	80
U14;size=57	MZ097924|Gadus_chalcogrammus	98.649	74	80
U14;size=57	MZ097925|Gadus_chalcogrammus	98.649	74	80
U14;size=57	MZ097926|Gadus_chalcogrammus	98.649	74	80
U14;size=57	MZ407786|Gadus_chalcogrammus	98.649	74	80
U14;size=57	MW435038|Gadus_chalcogrammus	98.649	74	80
U14;size=57	MW435064|Gadus_chalcogrammus	98.649	74	80
U14;size=57	MW435065|Gadus_chalcogrammus	98.649	74	80
U14;size=57	MW435131|Gadus_chalcogrammus	98.649	74	80
U14;size=57	OQ442221|Gadus_chalcogrammus	98.649	74	80
U14;size=57	OQ932941|Gadus_chalcogrammus	98.649	74	80
U14;size=57	PV541582|Gadus_chalcogrammus	98.649	74	80
U14;size=57	PV541586|Gadus_chalcogrammus	98.649	74	80
U14;size=57	PV541612|Gadus_chalcogrammus	98.649	74	80
U14;size=57	PX398564|Gadus_chalcogrammus	98.649	74	80
U14;size=57	ON545935|Gadus_morhua	97.297	74	80
U14;size=57	MZ169750|Arctogadus_glacialis	97.297	74	80
U14;size=57	MZ169751|Arctogadus_glacialis	97.297	74	80
U14;size=57	MW435025|Arctogadus_glacialis	97.297	74	80
U14;size=57	MW435087|Arctogadus_glacialis	97.297	74	80
U14;size=57	MW435088|Arctogadus_glacialis	97.297	74	80
U14;size=57	MW435090|Arctogadus_glacialis	97.297	74	80
U14;size=57	MW435091|Arctogadus_glacialis	97.297	74	80
U14;size=57	MW435092|Arctogadus_glacialis	97.297	74	80
U14;size=57	MW435094|Arctogadus_glacialis	97.297	74	80
U14;size=57	MW435095|Arctogadus_glacialis	97.297	74	80
U14;size=57	MW435096|Arctogadus_glacialis	97.297	74	80
U14;size=57	MW435098|Arctogadus_glacialis	97.297	74	80
U14;size=57	MW435099|Arctogadus_glacialis	97.297	74	80
U15;size=50	OR290809|Merluccius_gayi	94.872	78	80
U15;size=50	OR290814|Merluccius_gayi	94.872	78	80
U15;size=50	OQ932941|Gadus_chalcogrammus	98.462	65	80
U15;size=50	LC146692|Pollachius_virens	95.714	70	80
U15;size=50	MK241678|Pollachius_virens	98.438	64	80
U15;size=50	MK241680|Pollachius_virens	98.438	64	80
U15;size=50	OR290803|Merluccius_gayi	95.714	70	80
U15;size=50	ON545935|Gadus_morhua	96.875	64	80
U15;size=50	ON545937|Gadus_morhua	96.875	64	80
U15;size=50	ON545957|Gadus_morhua	96.875	64	80
U15;size=50	PP087981|Gadus_morhua	100.000	56	80
U15;size=50	PP087982|Gadus_morhua	100.000	56	80
U15;size=50	PP087983|Gadus_morhua	100.000	56	80
U15;size=50	ON545931|Gadus_morhua	100.000	55	80
U15;size=50	ON545933|Gadus_morhua	100.000	55	80
U15;size=50	ON545938|Gadus_morhua	100.000	55	80
U15;size=50	MW435025|Arctogadus_glacialis	100.000	53	80
U15;size=50	MW435087|Arctogadus_glacialis	100.000	53	80
U15;size=50	MW435088|Arctogadus_glacialis	100.000	53	80
U15;size=50	MW435090|Arctogadus_glacialis	100.000	53	80
U15;size=50	MW435091|Arctogadus_glacialis	100.000	53	80
U15;size=50	MW435092|Arctogadus_glacialis	100.000	53	80
U15;size=50	MW435093|Arctogadus_glacialis	100.000	53	80
U15;size=50	MW435094|Arctogadus_glacialis	100.000	53	80
U15;size=50	MW435095|Arctogadus_glacialis	100.000	53	80
U15;size=50	MW435096|Arctogadus_glacialis	100.000	53	80
U15;size=50	MW435098|Arctogadus_glacialis	100.000	53	80
U15;size=50	MW435099|Arctogadus_glacialis	100.000	53	80
U15;size=50	MW435100|Arctogadus_glacialis	100.000	53	80
U15;size=50	MW435103|Arctogadus_glacialis	100.000	53	80
U15;size=50	MW435104|Arctogadus_glacialis	100.000	53	80
U15;size=50	MW435139|Arctogadus_glacialis	100.000	53	80
U15;size=50	MW435147|Arctogadus_glacialis	100.000	53	80
U15;size=50	PV496041|Arctogadus_glacialis	100.000	53	80
U15;size=50	MZ097918|Gadus_chalcogrammus	98.214	56	80
U15;size=50	MZ097919|Gadus_chalcogrammus	98.214	56	80
U15;size=50	MZ097920|Gadus_chalcogrammus	98.214	56	80
U15;size=50	MZ097921|Gadus_chalcogrammus	98.214	56	80
U15;size=50	MZ097922|Gadus_chalcogrammus	98.214	56	80
U15;size=50	MZ097923|Gadus_chalcogrammus	98.214	56	80
U15;size=50	MZ097924|Gadus_chalcogrammus	98.214	56	80
U15;size=50	MZ097925|Gadus_chalcogrammus	98.214	56	80
U15;size=50	MZ097926|Gadus_chalcogrammus	98.214	56	80
U15;size=50	MW435038|Gadus_chalcogrammus	100.000	53	80
U15;size=50	MW435064|Gadus_chalcogrammus	100.000	53	80
U15;size=50	MW435131|Gadus_chalcogrammus	100.000	53	80
U15;size=50	PX398564|Gadus_chalcogrammus	100.000	53	80
U15;size=50	OR290806|Merluccius_gayi	96.552	58	80
U15;size=50	KX119494|Pollachius_virens	98.113	53	80
U15;size=50	KX119495|Pollachius_virens	98.113	53	80
U21;size=39	LC146692|Pollachius_virens	98.571	70	80
U21;size=39	ON545935|Gadus_morhua	98.438	64	80
U21;size=39	ON545937|Gadus_morhua	98.438	64	80
U21;size=39	ON545957|Gadus_morhua	98.438	64	80
U21;size=39	OR290809|Merluccius_gayi	92.308	78	80
U21;size=39	OR290814|Merluccius_gayi	92.308	78	80
U21;size=39	OQ932941|Gadus_chalcogrammus	96.923	65	80
U21;size=39	MK241678|Pollachius_virens	96.875	64	80
U21;size=39	MK241680|Pollachius_virens	96.875	64	80
U21;size=39	PP087981|Gadus_morhua	100.000	56	80
U21;size=39	PP087982|Gadus_morhua	100.000	56	80
U21;size=39	PP087983|Gadus_morhua	100.000	56	80
U21;size=39	OR290803|Merluccius_gayi	92.857	70	80
U21;size=39	ON545931|Gadus_morhua	100.000	55	80
U21;size=39	ON545933|Gadus_morhua	100.000	55	80
U21;size=39	ON545938|Gadus_morhua	100.000	55	80
U21;size=39	MW435025|Arctogadus_glacialis	100.000	53	80
U21;size=39	MW435087|Arctogadus_glacialis	100.000	53	80
U21;size=39	MW435088|Arctogadus_glacialis	100.000	53	80
U21;size=39	MW435090|Arctogadus_glacialis	100.000	53	80
U21;size=39	MW435091|Arctogadus_glacialis	100.000	53	80
U21;size=39	MW435092|Arctogadus_glacialis	100.000	53	80
U21;size=39	MW435093|Arctogadus_glacialis	100.000	53	80
U21;size=39	MW435094|Arctogadus_glacialis	100.000	53	80
U21;size=39	MW435095|Arctogadus_glacialis	100.000	53	80
U21;size=39	MW435096|Arctogadus_glacialis	100.000	53	80
U21;size=39	MW435098|Arctogadus_glacialis	100.000	53	80
U21;size=39	MW435099|Arctogadus_glacialis	100.000	53	80
U21;size=39	MW435100|Arctogadus_glacialis	100.000	53	80
U21;size=39	MW435103|Arctogadus_glacialis	100.000	53	80
U21;size=39	MW435104|Arctogadus_glacialis	100.000	53	80
U21;size=39	MW435139|Arctogadus_glacialis	100.000	53	80
U21;size=39	MW435147|Arctogadus_glacialis	100.000	53	80
U21;size=39	PV496041|Arctogadus_glacialis	100.000	53	80
U21;size=39	MZ097918|Gadus_chalcogrammus	98.214	56	80
U21;size=39	MZ097919|Gadus_chalcogrammus	98.214	56	80
U21;size=39	MZ097920|Gadus_chalcogrammus	98.214	56	80
U21;size=39	MZ097921|Gadus_chalcogrammus	98.214	56	80
U21;size=39	MZ097922|Gadus_chalcogrammus	98.214	56	80
U21;size=39	MZ097923|Gadus_chalcogrammus	98.214	56	80
U21;size=39	MZ097924|Gadus_chalcogrammus	98.214	56	80
U21;size=39	MZ097925|Gadus_chalcogrammus	98.214	56	80
U21;size=39	MZ097926|Gadus_chalcogrammus	98.214	56	80
U21;size=39	MW435038|Gadus_chalcogrammus	100.000	53	80
U21;size=39	MW435064|Gadus_chalcogrammus	100.000	53	80
U21;size=39	MW435131|Gadus_chalcogrammus	100.000	53	80
U21;size=39	PX398564|Gadus_chalcogrammus	100.000	53	80
U21;size=39	OR290806|Merluccius_gayi	96.552	58	80
U21;size=39	OR290808|Merluccius_gayi	95.082	61	80
U21;size=39	KX119494|Pollachius_virens	98.113	53	80
U20;size=38	MW831011|Gadus_morhua	97.500	80	80
U20;size=38	ON545931|Gadus_morhua	97.500	80	80
U20;size=38	ON545937|Gadus_morhua	97.500	80	80
U20;size=38	ON545938|Gadus_morhua	97.500	80	80
U20;size=38	ON545957|Gadus_morhua	97.500	80	80
U20;size=38	ON545965|Gadus_morhua	97.500	80	80
U20;size=38	MZ407824|Gadus_morhua	97.500	80	80
U20;size=38	MZ407825|Gadus_morhua	97.500	80	80
U20;size=38	PP087981|Gadus_morhua	97.500	80	80
U20;size=38	PP087982|Gadus_morhua	97.500	80	80
U20;size=38	PP087983|Gadus_morhua	97.500	80	80
U20;size=38	PQ034651|Gadus_morhua	97.500	80	80
U20;size=38	PQ034652|Gadus_morhua	97.500	80	80
U20;size=38	PQ034653|Gadus_morhua	97.500	80	80
U20;size=38	PV541600|Gadus_morhua	97.500	80	80
U20;size=38	PZ676065|Gadus_morhua	97.500	80	80
U20;size=38	MZ097918|Gadus_chalcogrammus	97.500	80	80
U20;size=38	MZ097919|Gadus_chalcogrammus	97.500	80	80
U20;size=38	MZ097920|Gadus_chalcogrammus	97.500	80	80
U20;size=38	MZ097921|Gadus_chalcogrammus	97.500	80	80
U20;size=38	MZ097922|Gadus_chalcogrammus	97.500	80	80
U20;size=38	MZ097923|Gadus_chalcogrammus	97.500	80	80
U20;size=38	MZ097924|Gadus_chalcogrammus	97.500	80	80
U20;size=38	MZ097925|Gadus_chalcogrammus	97.500	80	80
U20;size=38	MZ097926|Gadus_chalcogrammus	97.500	80	80
U20;size=38	MZ407786|Gadus_chalcogrammus	97.500	80	80
U20;size=38	MW435038|Gadus_chalcogrammus	97.500	80	80
U20;size=38	MW435064|Gadus_chalcogrammus	97.500	80	80
U20;size=38	MW435065|Gadus_chalcogrammus	97.500	80	80
U20;size=38	MW435131|Gadus_chalcogrammus	97.500	80	80
U20;size=38	OQ442221|Gadus_chalcogrammus	97.500	80	80
U20;size=38	OQ932941|Gadus_chalcogrammus	97.500	80	80
U20;size=38	PV541582|Gadus_chalcogrammus	97.500	80	80
U20;size=38	PV541586|Gadus_chalcogrammus	97.500	80	80
U20;size=38	PV541612|Gadus_chalcogrammus	97.500	80	80
U20;size=38	PX398564|Gadus_chalcogrammus	97.500	80	80
U20;size=38	ON545935|Gadus_morhua	96.250	80	80
U20;size=38	MZ169750|Arctogadus_glacialis	96.250	80	80
U20;size=38	MZ169751|Arctogadus_glacialis	96.250	80	80
U20;size=38	MW435025|Arctogadus_glacialis	96.250	80	80
U20;size=38	MW435087|Arctogadus_glacialis	96.250	80	80
U20;size=38	MW435088|Arctogadus_glacialis	96.250	80	80
U20;size=38	MW435090|Arctogadus_glacialis	96.250	80	80
U20;size=38	MW435091|Arctogadus_glacialis	96.250	80	80
U20;size=38	MW435092|Arctogadus_glacialis	96.250	80	80
U20;size=38	MW435094|Arctogadus_glacialis	96.250	80	80
U20;size=38	MW435095|Arctogadus_glacialis	96.250	80	80
U20;size=38	MW435096|Arctogadus_glacialis	96.250	80	80
U20;size=38	MW435098|Arctogadus_glacialis	96.250	80	80
U20;size=38	MW435099|Arctogadus_glacialis	96.250	80	80
U30;size=36	MW831011|Gadus_morhua	100.000	74	80
U30;size=36	ON545931|Gadus_morhua	100.000	74	80
U30;size=36	ON545937|Gadus_morhua	100.000	74	80
U30;size=36	ON545938|Gadus_morhua	100.000	74	80
U30;size=36	ON545957|Gadus_morhua	100.000	74	80
U30;size=36	ON545965|Gadus_morhua	100.000	74	80
U30;size=36	MZ407824|Gadus_morhua	100.000	74	80
U30;size=36	MZ407825|Gadus_morhua	100.000	74	80
U30;size=36	PP087981|Gadus_morhua	100.000	74	80
U30;size=36	PP087982|Gadus_morhua	100.000	74	80
U30;size=36	PP087983|Gadus_morhua	100.000	74	80
U30;size=36	PQ034651|Gadus_morhua	100.000	74	80
U30;size=36	PQ034652|Gadus_morhua	100.000	74	80
U30;size=36	PQ034653|Gadus_morhua	100.000	74	80
U30;size=36	PV541600|Gadus_morhua	100.000	74	80
U30;size=36	PZ676065|Gadus_morhua	100.000	74	80
U30;size=36	MZ097918|Gadus_chalcogrammus	100.000	74	80
U30;size=36	MZ097919|Gadus_chalcogrammus	100.000	74	80
U30;size=36	MZ097920|Gadus_chalcogrammus	100.000	74	80
U30;size=36	MZ097921|Gadus_chalcogrammus	100.000	74	80
U30;size=36	MZ097922|Gadus_chalcogrammus	100.000	74	80
U30;size=36	MZ097923|Gadus_chalcogrammus	100.000	74	80
U30;size=36	MZ097924|Gadus_chalcogrammus	100.000	74	80
U30;size=36	MZ097925|Gadus_chalcogrammus	100.000	74	80
U30;size=36	MZ097926|Gadus_chalcogrammus	100.000	74	80
U30;size=36	MZ407786|Gadus_chalcogrammus	100.000	74	80
U30;size=36	MW435038|Gadus_chalcogrammus	100.000	74	80
U30;size=36	MW435064|Gadus_chalcogrammus	100.000	74	80
U30;size=36	MW435065|Gadus_chalcogrammus	100.000	74	80
U30;size=36	MW435131|Gadus_chalcogrammus	100.000	74	80
U30;size=36	OQ442221|Gadus_chalcogrammus	100.000	74	80
U30;size=36	OQ932941|Gadus_chalcogrammus	100.000	74	80
U30;size=36	PV541582|Gadus_chalcogrammus	100.000	74	80
U30;size=36	PV541586|Gadus_chalcogrammus	100.000	74	80
U30;size=36	PV541612|Gadus_chalcogrammus	100.000	74	80
U30;size=36	PX398564|Gadus_chalcogrammus	100.000	74	80
U30;size=36	ON545935|Gadus_morhua	98.649	74	80
U30;size=36	MZ169750|Arctogadus_glacialis	98.649	74	80
U30;size=36	MZ169751|Arctogadus_glacialis	98.649	74	80
U30;size=36	MW435025|Arctogadus_glacialis	98.649	74	80
U30;size=36	MW435087|Arctogadus_glacialis	98.649	74	80
U30;size=36	MW435088|Arctogadus_glacialis	98.649	74	80
U30;size=36	MW435090|Arctogadus_glacialis	98.649	74	80
U30;size=36	MW435091|Arctogadus_glacialis	98.649	74	80
U30;size=36	MW435092|Arctogadus_glacialis	98.649	74	80
U30;size=36	MW435094|Arctogadus_glacialis	98.649	74	80
U30;size=36	MW435095|Arctogadus_glacialis	98.649	74	80
U30;size=36	MW435096|Arctogadus_glacialis	98.649	74	80
U30;size=36	MW435098|Arctogadus_glacialis	98.649	74	80
U30;size=36	MW435099|Arctogadus_glacialis	98.649	74	80
U25;size=33	MZ169750|Arctogadus_glacialis	100.000	29	32
U25;size=33	MZ169751|Arctogadus_glacialis	100.000	29	32
U25;size=33	MW435025|Arctogadus_glacialis	100.000	29	32
U25;size=33	MW435087|Arctogadus_glacialis	100.000	29	32
U25;size=33	MW435088|Arctogadus_glacialis	100.000	29	32
U25;size=33	MW435090|Arctogadus_glacialis	100.000	29	32
U25;size=33	MW435091|Arctogadus_glacialis	100.000	29	32
U25;size=33	MW435092|Arctogadus_glacialis	100.000	29	32
U25;size=33	MW435093|Arctogadus_glacialis	100.000	29	32
U25;size=33	MW435094|Arctogadus_glacialis	100.000	29	32
U25;size=33	MW435095|Arctogadus_glacialis	100.000	29	32
U25;size=33	MW435096|Arctogadus_glacialis	100.000	29	32
U25;size=33	MW435098|Arctogadus_glacialis	100.000	29	32
U25;size=33	MW435099|Arctogadus_glacialis	100.000	29	32
U25;size=33	MW435100|Arctogadus_glacialis	100.000	29	32
U25;size=33	MW435103|Arctogadus_glacialis	100.000	29	32
U25;size=33	MW435104|Arctogadus_glacialis	100.000	29	32
U25;size=33	MW435139|Arctogadus_glacialis	100.000	29	32
U25;size=33	MW435147|Arctogadus_glacialis	100.000	29	32
U25;size=33	PV496041|Arctogadus_glacialis	100.000	29	32
U25;size=33	KX119494|Pollachius_virens	100.000	29	32
U25;size=33	KX119495|Pollachius_virens	100.000	29	32
U25;size=33	MG204955|Pollachius_virens	100.000	29	32
U25;size=33	MG204990|Pollachius_virens	100.000	29	32
U25;size=33	MG205000|Pollachius_virens	100.000	29	32
U25;size=33	MG205093|Pollachius_virens	100.000	29	32
U25;size=33	MG205101|Pollachius_virens	100.000	29	32
U25;size=33	MG205116|Pollachius_virens	100.000	29	32
U25;size=33	MG205128|Pollachius_virens	100.000	29	32
U25;size=33	MG205141|Pollachius_virens	100.000	29	32
U25;size=33	LC146692|Pollachius_virens	100.000	29	32
U25;size=33	MN893170|Pollachius_virens	100.000	29	32
U25;size=33	MK241678|Pollachius_virens	100.000	29	32
U25;size=33	MK241680|Pollachius_virens	100.000	29	32
U25;size=33	MT455166|Pollachius_virens	100.000	29	32
U25;size=33	PQ034643|Pollachius_virens	100.000	29	32
U25;size=33	PQ034644|Pollachius_virens	100.000	29	32
U25;size=33	PQ034645|Pollachius_virens	100.000	29	32
U25;size=33	PV496049|Pollachius_virens	100.000	29	32
U25;size=33	PV496050|Pollachius_virens	100.000	29	32
U25;size=33	MW829365|Gadus_morhua	100.000	29	32
U25;size=33	MW831011|Gadus_morhua	100.000	29	32
U25;size=33	ON545931|Gadus_morhua	100.000	29	32
U25;size=33	ON545933|Gadus_morhua	100.000	29	32
U25;size=33	ON545935|Gadus_morhua	100.000	29	32
U25;size=33	ON545937|Gadus_morhua	100.000	29	32
U25;size=33	ON545938|Gadus_morhua	100.000	29	32
U25;size=33	ON545957|Gadus_morhua	100.000	29	32
U25;size=33	ON545965|Gadus_morhua	100.000	29	32
U25;size=33	MZ407824|Gadus_morhua	100.000	29	32
U26;size=29	LC146692|Pollachius_virens	97.143	70	80
U26;size=29	OR290809|Merluccius_gayi	93.590	78	80
U26;size=29	OR290814|Merluccius_gayi	93.590	78	80
U26;size=29	ON545935|Gadus_morhua	98.438	64	80
U26;size=29	ON545937|Gadus_morhua	98.438	64	80
U26;size=29	ON545957|Gadus_morhua	98.438	64	80
U26;size=29	MK283725|Limanda_aspera	92.308	78	80
U26;size=29	OQ932941|Gadus_chalcogrammus	96.923	65	80
U26;size=29	MK241678|Pollachius_virens	96.875	64	80
U26;size=29	MK241680|Pollachius_virens	96.875	64	80
U26;size=29	OR290803|Merluccius_gayi	94.286	70	80
U26;size=29	PP087981|Gadus_morhua	100.000	56	80
U26;size=29	PP087982|Gadus_morhua	100.000	56	80
U26;size=29	PP087983|Gadus_morhua	100.000	56	80
U26;size=29	ON545931|Gadus_morhua	100.000	55	80
U26;size=29	ON545933|Gadus_morhua	100.000	55	80
U26;size=29	ON545938|Gadus_morhua	100.000	55	80
U26;size=29	MW435025|Arctogadus_glacialis	100.000	53	80
U26;size=29	MW435087|Arctogadus_glacialis	100.000	53	80
U26;size=29	MW435088|Arctogadus_glacialis	100.000	53	80
U26;size=29	MW435090|Arctogadus_glacialis	100.000	53	80
U26;size=29	MW435091|Arctogadus_glacialis	100.000	53	80
U26;size=29	MW435092|Arctogadus_glacialis	100.000	53	80
U26;size=29	MW435093|Arctogadus_glacialis	100.000	53	80
U26;size=29	MW435094|Arctogadus_glacialis	100.000	53	80
U26;size=29	MW435095|Arctogadus_glacialis	100.000	53	80
U26;size=29	MW435096|Arctogadus_glacialis	100.000	53	80
U26;size=29	MW435098|Arctogadus_glacialis	100.000	53	80
U26;size=29	MW435099|Arctogadus_glacialis	100.000	53	80
U26;size=29	MW435100|Arctogadus_glacialis	100.000	53	80
U26;size=29	MW435103|Arctogadus_glacialis	100.000	53	80
U26;size=29	MW435104|Arctogadus_glacialis	100.000	53	80
U26;size=29	MW435139|Arctogadus_glacialis	100.000	53	80
U26;size=29	MW435147|Arctogadus_glacialis	100.000	53	80
U26;size=29	PV496041|Arctogadus_glacialis	100.000	53	80
U26;size=29	MZ097918|Gadus_chalcogrammus	98.214	56	80
U26;size=29	MZ097919|Gadus_chalcogrammus	98.214	56	80
U26;size=29	MZ097920|Gadus_chalcogrammus	98.214	56	80
U26;size=29	MZ097921|Gadus_chalcogrammus	98.214	56	80
U26;size=29	MZ097922|Gadus_chalcogrammus	98.214	56	80
U26;size=29	MZ097923|Gadus_chalcogrammus	98.214	56	80
U26;size=29	MZ097924|Gadus_chalcogrammus	98.214	56	80
U26;size=29	MZ097925|Gadus_chalcogrammus	98.214	56	80
U26;size=29	MZ097926|Gadus_chalcogrammus	98.214	56	80
U26;size=29	MW435038|Gadus_chalcogrammus	100.000	53	80
U26;size=29	MW435064|Gadus_chalcogrammus	100.000	53	80
U26;size=29	MW435131|Gadus_chalcogrammus	100.000	53	80
U26;size=29	PX398564|Gadus_chalcogrammus	100.000	53	80
U26;size=29	OR290806|Merluccius_gayi	96.552	58	80
U26;size=29	OR290808|Merluccius_gayi	95.082	61	80
U27;size=29	MW831011|Gadus_morhua	100.000	77	80
U27;size=29	ON545931|Gadus_morhua	100.000	77	80
U27;size=29	ON545937|Gadus_morhua	100.000	77	80
U27;size=29	ON545938|Gadus_morhua	100.000	77	80
U27;size=29	ON545957|Gadus_morhua	100.000	77	80
U27;size=29	ON545965|Gadus_morhua	100.000	77	80
U27;size=29	MZ407824|Gadus_morhua	100.000	77	80
U27;size=29	MZ407825|Gadus_morhua	100.000	77	80
U27;size=29	PP087981|Gadus_morhua	100.000	77	80
U27;size=29	PP087982|Gadus_morhua	100.000	77	80
U27;size=29	PP087983|Gadus_morhua	100.000	77	80
U27;size=29	PQ034651|Gadus_morhua	100.000	77	80
U27;size=29	PQ034652|Gadus_morhua	100.000	77	80
U27;size=29	PQ034653|Gadus_morhua	100.000	77	80
U27;size=29	PV541600|Gadus_morhua	100.000	77	80
U27;size=29	PZ676065|Gadus_morhua	100.000	77	80
U27;size=29	MZ097918|Gadus_chalcogrammus	100.000	77	80
U27;size=29	MZ097919|Gadus_chalcogrammus	100.000	77	80
U27;size=29	MZ097920|Gadus_chalcogrammus	100.000	77	80
U27;size=29	MZ097921|Gadus_chalcogrammus	100.000	77	80
U27;size=29	MZ097922|Gadus_chalcogrammus	100.000	77	80
U27;size=29	MZ097923|Gadus_chalcogrammus	100.000	77	80
U27;size=29	MZ097924|Gadus_chalcogrammus	100.000	77	80
U27;size=29	MZ097925|Gadus_chalcogrammus	100.000	77	80
U27;size=29	MZ097926|Gadus_chalcogrammus	100.000	77	80
U27;size=29	MZ407786|Gadus_chalcogrammus	100.000	77	80
U27;size=29	MW435038|Gadus_chalcogrammus	100.000	77	80
U27;size=29	MW435064|Gadus_chalcogrammus	100.000	77	80
U27;size=29	MW435065|Gadus_chalcogrammus	100.000	77	80
U27;size=29	MW435131|Gadus_chalcogrammus	100.000	77	80
U27;size=29	OQ442221|Gadus_chalcogrammus	100.000	77	80
U27;size=29	OQ932941|Gadus_chalcogrammus	100.000	77	80
U27;size=29	PV541582|Gadus_chalcogrammus	100.000	77	80
U27;size=29	PV541586|Gadus_chalcogrammus	100.000	77	80
U27;size=29	PV541612|Gadus_chalcogrammus	100.000	77	80
U27;size=29	PX398564|Gadus_chalcogrammus	100.000	77	80
U27;size=29	ON545935|Gadus_morhua	98.701	77	80
U27;size=29	MZ169750|Arctogadus_glacialis	98.701	77	80
U27;size=29	MZ169751|Arctogadus_glacialis	98.701	77	80
U27;size=29	MW435025|Arctogadus_glacialis	98.701	77	80
U27;size=29	MW435087|Arctogadus_glacialis	98.701	77	80
U27;size=29	MW435088|Arctogadus_glacialis	98.701	77	80
U27;size=29	MW435090|Arctogadus_glacialis	98.701	77	80
U27;size=29	MW435091|Arctogadus_glacialis	98.701	77	80
U27;size=29	MW435092|Arctogadus_glacialis	98.701	77	80
U27;size=29	MW435094|Arctogadus_glacialis	98.701	77	80
U27;size=29	MW435095|Arctogadus_glacialis	98.701	77	80
U27;size=29	MW435096|Arctogadus_glacialis	98.701	77	80
U27;size=29	MW435098|Arctogadus_glacialis	98.701	77	80
U27;size=29	MW435099|Arctogadus_glacialis	98.701	77	80
U28;size=29	MW831011|Gadus_morhua	98.701	77	80
U28;size=29	ON545931|Gadus_morhua	98.701	77	80
U28;size=29	ON545937|Gadus_morhua	98.701	77	80
U28;size=29	ON545938|Gadus_morhua	98.701	77	80
U28;size=29	ON545957|Gadus_morhua	98.701	77	80
U28;size=29	ON545965|Gadus_morhua	98.701	77	80
U28;size=29	MZ407824|Gadus_morhua	98.701	77	80
U28;size=29	MZ407825|Gadus_morhua	98.701	77	80
U28;size=29	PP087981|Gadus_morhua	98.701	77	80
U28;size=29	PP087982|Gadus_morhua	98.701	77	80
U28;size=29	PP087983|Gadus_morhua	98.701	77	80
U28;size=29	PQ034651|Gadus_morhua	98.701	77	80
U28;size=29	PQ034652|Gadus_morhua	98.701	77	80
U28;size=29	PQ034653|Gadus_morhua	98.701	77	80
U28;size=29	PV541600|Gadus_morhua	98.701	77	80
U28;size=29	PZ676065|Gadus_morhua	98.701	77	80
U28;size=29	MZ097918|Gadus_chalcogrammus	98.701	77	80
U28;size=29	MZ097919|Gadus_chalcogrammus	98.701	77	80
U28;size=29	MZ097920|Gadus_chalcogrammus	98.701	77	80
U28;size=29	MZ097921|Gadus_chalcogrammus	98.701	77	80
U28;size=29	MZ097922|Gadus_chalcogrammus	98.701	77	80
U28;size=29	MZ097923|Gadus_chalcogrammus	98.701	77	80
U28;size=29	MZ097924|Gadus_chalcogrammus	98.701	77	80
U28;size=29	MZ097925|Gadus_chalcogrammus	98.701	77	80
U28;size=29	MZ097926|Gadus_chalcogrammus	98.701	77	80
U28;size=29	MZ407786|Gadus_chalcogrammus	98.701	77	80
U28;size=29	MW435038|Gadus_chalcogrammus	98.701	77	80
U28;size=29	MW435064|Gadus_chalcogrammus	98.701	77	80
U28;size=29	MW435065|Gadus_chalcogrammus	98.701	77	80
U28;size=29	MW435131|Gadus_chalcogrammus	98.701	77	80
U28;size=29	OQ442221|Gadus_chalcogrammus	98.701	77	80
U28;size=29	OQ932941|Gadus_chalcogrammus	98.701	77	80
U28;size=29	PV541582|Gadus_chalcogrammus	98.701	77	80
U28;size=29	PV541586|Gadus_chalcogrammus	98.701	77	80
U28;size=29	PV541612|Gadus_chalcogrammus	98.701	77	80
U28;size=29	PX398564|Gadus_chalcogrammus	98.701	77	80
U28;size=29	ON545935|Gadus_morhua	97.403	77	80
U28;size=29	MZ169750|Arctogadus_glacialis	97.403	77	80
U28;size=29	MZ169751|Arctogadus_glacialis	97.403	77	80
U28;size=29	MW435025|Arctogadus_glacialis	97.403	77	80
U28;size=29	MW435087|Arctogadus_glacialis	97.403	77	80
U28;size=29	MW435088|Arctogadus_glacialis	97.403	77	80
U28;size=29	MW435090|Arctogadus_glacialis	97.403	77	80
U28;size=29	MW435091|Arctogadus_glacialis	97.403	77	80
U28;size=29	MW435092|Arctogadus_glacialis	97.403	77	80
U28;size=29	MW435094|Arctogadus_glacialis	97.403	77	80
U28;size=29	MW435095|Arctogadus_glacialis	97.403	77	80
U28;size=29	MW435096|Arctogadus_glacialis	97.403	77	80
U28;size=29	MW435098|Arctogadus_glacialis	97.403	77	80
U28;size=29	MW435099|Arctogadus_glacialis	97.403	77	80
U31;size=25	MW831011|Gadus_morhua	98.649	74	80
U31;size=25	ON545931|Gadus_morhua	98.649	74	80
U31;size=25	ON545937|Gadus_morhua	98.649	74	80
U31;size=25	ON545938|Gadus_morhua	98.649	74	80
U31;size=25	ON545957|Gadus_morhua	98.649	74	80
U31;size=25	ON545965|Gadus_morhua	98.649	74	80
U31;size=25	MZ407824|Gadus_morhua	98.649	74	80
U31;size=25	MZ407825|Gadus_morhua	98.649	74	80
U31;size=25	PP087981|Gadus_morhua	98.649	74	80
U31;size=25	PP087982|Gadus_morhua	98.649	74	80
U31;size=25	PP087983|Gadus_morhua	98.649	74	80
U31;size=25	PQ034651|Gadus_morhua	98.649	74	80
U31;size=25	PQ034652|Gadus_morhua	98.649	74	80
U31;size=25	PQ034653|Gadus_morhua	98.649	74	80
U31;size=25	PV541600|Gadus_morhua	98.649	74	80
U31;size=25	PZ676065|Gadus_morhua	98.649	74	80
U31;size=25	MZ097918|Gadus_chalcogrammus	98.649	74	80
U31;size=25	MZ097919|Gadus_chalcogrammus	98.649	74	80
U31;size=25	MZ097920|Gadus_chalcogrammus	98.649	74	80
U31;size=25	MZ097921|Gadus_chalcogrammus	98.649	74	80
U31;size=25	MZ097922|Gadus_chalcogrammus	98.649	74	80
U31;size=25	MZ097923|Gadus_chalcogrammus	98.649	74	80
U31;size=25	MZ097924|Gadus_chalcogrammus	98.649	74	80
U31;size=25	MZ097925|Gadus_chalcogrammus	98.649	74	80
U31;size=25	MZ097926|Gadus_chalcogrammus	98.649	74	80
U31;size=25	MZ407786|Gadus_chalcogrammus	98.649	74	80
U31;size=25	MW435038|Gadus_chalcogrammus	98.649	74	80
U31;size=25	MW435064|Gadus_chalcogrammus	98.649	74	80
U31;size=25	MW435065|Gadus_chalcogrammus	98.649	74	80
U31;size=25	MW435131|Gadus_chalcogrammus	98.649	74	80
U31;size=25	OQ442221|Gadus_chalcogrammus	98.649	74	80
U31;size=25	OQ932941|Gadus_chalcogrammus	98.649	74	80
U31;size=25	PV541582|Gadus_chalcogrammus	98.649	74	80
U31;size=25	PV541586|Gadus_chalcogrammus	98.649	74	80
U31;size=25	PV541612|Gadus_chalcogrammus	98.649	74	80
U31;size=25	PX398564|Gadus_chalcogrammus	98.649	74	80
U31;size=25	ON545935|Gadus_morhua	97.297	74	80
U31;size=25	MZ169750|Arctogadus_glacialis	97.297	74	80
U31;size=25	MZ169751|Arctogadus_glacialis	97.297	74	80
U31;size=25	MW435025|Arctogadus_glacialis	97.297	74	80
U31;size=25	MW435087|Arctogadus_glacialis	97.297	74	80
U31;size=25	MW435088|Arctogadus_glacialis	97.297	74	80
U31;size=25	MW435090|Arctogadus_glacialis	97.297	74	80
U31;size=25	MW435091|Arctogadus_glacialis	97.297	74	80
U31;size=25	MW435092|Arctogadus_glacialis	97.297	74	80
U31;size=25	MW435094|Arctogadus_glacialis	97.297	74	80
U31;size=25	MW435095|Arctogadus_glacialis	97.297	74	80
U31;size=25	MW435096|Arctogadus_glacialis	97.297	74	80
U31;size=25	MW435098|Arctogadus_glacialis	97.297	74	80
U31;size=25	MW435099|Arctogadus_glacialis	97.297	74	80
U33;size=22	MZ169750|Arctogadus_glacialis	100.000	32	32
U33;size=22	MZ169751|Arctogadus_glacialis	100.000	32	32
U33;size=22	MW435025|Arctogadus_glacialis	100.000	32	32
U33;size=22	MW435087|Arctogadus_glacialis	100.000	32	32
U33;size=22	MW435088|Arctogadus_glacialis	100.000	32	32
U33;size=22	MW435090|Arctogadus_glacialis	100.000	32	32
U33;size=22	MW435091|Arctogadus_glacialis	100.000	32	32
U33;size=22	MW435092|Arctogadus_glacialis	100.000	32	32
U33;size=22	MW435093|Arctogadus_glacialis	100.000	32	32
U33;size=22	MW435094|Arctogadus_glacialis	100.000	32	32
U33;size=22	MW435095|Arctogadus_glacialis	100.000	32	32
U33;size=22	MW435096|Arctogadus_glacialis	100.000	32	32
U33;size=22	MW435098|Arctogadus_glacialis	100.000	32	32
U33;size=22	MW435099|Arctogadus_glacialis	100.000	32	32
U33;size=22	MW435100|Arctogadus_glacialis	100.000	32	32
U33;size=22	MW435103|Arctogadus_glacialis	100.000	32	32
U33;size=22	MW435104|Arctogadus_glacialis	100.000	32	32
U33;size=22	MW435139|Arctogadus_glacialis	100.000	32	32
U33;size=22	MW435147|Arctogadus_glacialis	100.000	32	32
U33;size=22	PV496041|Arctogadus_glacialis	100.000	32	32
U33;size=22	KX119494|Pollachius_virens	100.000	32	32
U33;size=22	KX119495|Pollachius_virens	100.000	32	32
U33;size=22	MG204955|Pollachius_virens	100.000	32	32
U33;size=22	MG204990|Pollachius_virens	100.000	32	32
U33;size=22	MG205000|Pollachius_virens	100.000	32	32
U33;size=22	MG205093|Pollachius_virens	100.000	32	32
U33;size=22	MG205101|Pollachius_virens	100.000	32	32
U33;size=22	MG205116|Pollachius_virens	100.000	32	32
U33;size=22	MG205128|Pollachius_virens	100.000	32	32
U33;size=22	MG205141|Pollachius_virens	100.000	32	32
U33;size=22	LC146692|Pollachius_virens	100.000	32	32
U33;size=22	MN893170|Pollachius_virens	100.000	32	32
U33;size=22	MK241678|Pollachius_virens	100.000	32	32
U33;size=22	MK241680|Pollachius_virens	100.000	32	32
U33;size=22	MT455166|Pollachius_virens	100.000	32	32
U33;size=22	PQ034643|Pollachius_virens	100.000	32	32
U33;size=22	PQ034644|Pollachius_virens	100.000	32	32
U33;size=22	PQ034645|Pollachius_virens	100.000	32	32
U33;size=22	PV496049|Pollachius_virens	100.000	32	32
U33;size=22	PV496050|Pollachius_virens	100.000	32	32
U33;size=22	MW829365|Gadus_morhua	100.000	32	32
U33;size=22	MW831011|Gadus_morhua	100.000	32	32
U33;size=22	ON545931|Gadus_morhua	100.000	32	32
U33;size=22	ON545933|Gadus_morhua	100.000	32	32
U33;size=22	ON545935|Gadus_morhua	100.000	32	32
U33;size=22	ON545937|Gadus_morhua	100.000	32	32
U33;size=22	ON545938|Gadus_morhua	100.000	32	32
U33;size=22	ON545957|Gadus_morhua	100.000	32	32
U33;size=22	ON545965|Gadus_morhua	100.000	32	32
U33;size=22	MZ407824|Gadus_morhua	100.000	32	32
U36;size=21	GU581264|Pollachius_virens	97.403	77	80
U36;size=21	FJ215186|Pollachius_virens	97.403	77	80
U36;size=21	KJ128866|Pollachius_virens	97.403	77	80
U36;size=21	KJ128867|Pollachius_virens	97.403	77	80
U36;size=21	AY850363|Gadus_morhua	97.403	77	80
U36;size=21	AY141399|Gadus_morhua	97.403	77	80
U36;size=21	GU018116|Gadus_morhua	97.403	77	80
U36;size=21	GU931786|Gadus_morhua	97.403	77	80
U36;size=21	GU324163|Gadus_morhua	97.403	77	80
U36;size=21	JX121817|Gadus_morhua	97.403	77	80
U36;size=21	KJ128772|Gadus_morhua	97.403	77	80
U36;size=21	KJ128773|Gadus_morhua	97.403	77	80
U36;size=21	AY850362|Gadus_chalcogrammus	97.403	77	80
U36;size=21	GU581268|Gadus_chalcogrammus	97.403	77	80
U36;size=21	EF119324|Gadus_chalcogrammus	97.403	77	80
U36;size=21	EF119325|Gadus_chalcogrammus	97.403	77	80
U36;size=21	KJ010584|Gadus_chalcogrammus	97.403	77	80
U36;size=21	KJ010598|Gadus_chalcogrammus	97.403	77	80
U36;size=21	KJ010660|Gadus_chalcogrammus	97.403	77	80
U36;size=21	KJ010704|Gadus_chalcogrammus	97.403	77	80
U36;size=21	AY800003|Gadus_chalcogrammus	98.630	73	80
U36;size=21	FJ215192|Gadus_chalcogrammus	93.506	77	80
U36;size=21	AF420461|Pollachius_virens	100.000	57	80
U36;size=21	AF420462|Gadus_morhua	100.000	57	80
U36;size=21	EU548102|Gadus_chalcogrammus	100.000	51	80
U36;size=21	EU548198|Gadus_chalcogrammus	100.000	51	80
U36;size=21	EU548199|Gadus_chalcogrammus	100.000	51	80
U41;size=20	MW831011|Gadus_morhua	98.750	80	80
U41;size=20	ON545931|Gadus_morhua	98.750	80	80
U41;size=20	ON545937|Gadus_morhua	98.750	80	80
U41;size=20	ON545938|Gadus_morhua	98.750	80	80
U41;size=20	ON545957|Gadus_morhua	98.750	80	80
U41;size=20	ON545965|Gadus_morhua	98.750	80	80
U41;size=20	MZ407824|Gadus_morhua	98.750	80	80
U41;size=20	MZ407825|Gadus_morhua	98.750	80	80
U41;size=20	PP087981|Gadus_morhua	98.750	80	80
U41;size=20	PP087982|Gadus_morhua	98.750	80	80
U41;size=20	PP087983|Gadus_morhua	98.750	80	80
U41;size=20	PQ034651|Gadus_morhua	98.750	80	80
U41;size=20	PQ034652|Gadus_morhua	98.750	80	80
U41;size=20	PQ034653|Gadus_morhua	98.750	80	80
U41;size=20	PV541600|Gadus_morhua	98.750	80	80
U41;size=20	PZ676065|Gadus_morhua	98.750	80	80
U41;size=20	MZ097918|Gadus_chalcogrammus	98.750	80	80
U41;size=20	MZ097919|Gadus_chalcogrammus	98.750	80	80
U41;size=20	MZ097920|Gadus_chalcogrammus	98.750	80	80
U41;size=20	MZ097921|Gadus_chalcogrammus	98.750	80	80
U41;size=20	MZ097922|Gadus_chalcogrammus	98.750	80	80
U41;size=20	MZ097923|Gadus_chalcogrammus	98.750	80	80
U41;size=20	MZ097924|Gadus_chalcogrammus	98.750	80	80
U41;size=20	MZ097925|Gadus_chalcogrammus	98.750	80	80
U41;size=20	MZ097926|Gadus_chalcogrammus	98.750	80	80
U41;size=20	MZ407786|Gadus_chalcogrammus	98.750	80	80
U41;size=20	MW435038|Gadus_chalcogrammus	98.750	80	80
U41;size=20	MW435064|Gadus_chalcogrammus	98.750	80	80
U41;size=20	MW435065|Gadus_chalcogrammus	98.750	80	80
U41;size=20	MW435131|Gadus_chalcogrammus	98.750	80	80
U41;size=20	OQ442221|Gadus_chalcogrammus	98.750	80	80
U41;size=20	OQ932941|Gadus_chalcogrammus	98.750	80	80
U41;size=20	PV541582|Gadus_chalcogrammus	98.750	80	80
U41;size=20	PV541586|Gadus_chalcogrammus	98.750	80	80
U41;size=20	PV541612|Gadus_chalcogrammus	98.750	80	80
U41;size=20	PX398564|Gadus_chalcogrammus	98.750	80	80
U41;size=20	ON545935|Gadus_morhua	97.500	80	80
U41;size=20	MZ169750|Arctogadus_glacialis	97.500	80	80
U41;size=20	MZ169751|Arctogadus_glacialis	97.500	80	80
U41;size=20	MW435025|Arctogadus_glacialis	97.500	80	80
U41;size=20	MW435087|Arctogadus_glacialis	97.500	80	80
U41;size=20	MW435088|Arctogadus_glacialis	97.500	80	80
U41;size=20	MW435090|Arctogadus_glacialis	97.500	80	80
U41;size=20	MW435091|Arctogadus_glacialis	97.500	80	80
U41;size=20	MW435092|Arctogadus_glacialis	97.500	80	80
U41;size=20	MW435094|Arctogadus_glacialis	97.500	80	80
U41;size=20	MW435095|Arctogadus_glacialis	97.500	80	80
U41;size=20	MW435096|Arctogadus_glacialis	97.500	80	80
U41;size=20	MW435098|Arctogadus_glacialis	97.500	80	80
U41;size=20	MW435099|Arctogadus_glacialis	97.500	80	80
U37;size=18	MW831011|Gadus_morhua	98.750	80	80
U37;size=18	ON545931|Gadus_morhua	98.750	80	80
U37;size=18	ON545937|Gadus_morhua	98.750	80	80
U37;size=18	ON545938|Gadus_morhua	98.750	80	80
U37;size=18	ON545957|Gadus_morhua	98.750	80	80
U37;size=18	ON545965|Gadus_morhua	98.750	80	80
U37;size=18	MZ407824|Gadus_morhua	98.750	80	80
U37;size=18	MZ407825|Gadus_morhua	98.750	80	80
U37;size=18	PP087981|Gadus_morhua	98.750	80	80
U37;size=18	PP087982|Gadus_morhua	98.750	80	80
U37;size=18	PP087983|Gadus_morhua	98.750	80	80
U37;size=18	PQ034651|Gadus_morhua	98.750	80	80
U37;size=18	PQ034652|Gadus_morhua	98.750	80	80
U37;size=18	PQ034653|Gadus_morhua	98.750	80	80
U37;size=18	PV541600|Gadus_morhua	98.750	80	80
U37;size=18	PZ676065|Gadus_morhua	98.750	80	80
U37;size=18	MZ097918|Gadus_chalcogrammus	98.750	80	80
U37;size=18	MZ097919|Gadus_chalcogrammus	98.750	80	80
U37;size=18	MZ097920|Gadus_chalcogrammus	98.750	80	80
U37;size=18	MZ097921|Gadus_chalcogrammus	98.750	80	80
U37;size=18	MZ097922|Gadus_chalcogrammus	98.750	80	80
U37;size=18	MZ097923|Gadus_chalcogrammus	98.750	80	80
U37;size=18	MZ097924|Gadus_chalcogrammus	98.750	80	80
U37;size=18	MZ097925|Gadus_chalcogrammus	98.750	80	80
U37;size=18	MZ097926|Gadus_chalcogrammus	98.750	80	80
U37;size=18	MZ407786|Gadus_chalcogrammus	98.750	80	80
U37;size=18	MW435038|Gadus_chalcogrammus	98.750	80	80
U37;size=18	MW435064|Gadus_chalcogrammus	98.750	80	80
U37;size=18	MW435065|Gadus_chalcogrammus	98.750	80	80
U37;size=18	MW435131|Gadus_chalcogrammus	98.750	80	80
U37;size=18	OQ442221|Gadus_chalcogrammus	98.750	80	80
U37;size=18	OQ932941|Gadus_chalcogrammus	98.750	80	80
U37;size=18	PV541582|Gadus_chalcogrammus	98.750	80	80
U37;size=18	PV541586|Gadus_chalcogrammus	98.750	80	80
U37;size=18	PV541612|Gadus_chalcogrammus	98.750	80	80
U37;size=18	PX398564|Gadus_chalcogrammus	98.750	80	80
U37;size=18	ON545935|Gadus_morhua	97.500	80	80
U37;size=18	MZ169750|Arctogadus_glacialis	97.500	80	80
U37;size=18	MZ169751|Arctogadus_glacialis	97.500	80	80
U37;size=18	MW435025|Arctogadus_glacialis	97.500	80	80
U37;size=18	MW435087|Arctogadus_glacialis	97.500	80	80
U37;size=18	MW435088|Arctogadus_glacialis	97.500	80	80
U37;size=18	MW435090|Arctogadus_glacialis	97.500	80	80
U37;size=18	MW435091|Arctogadus_glacialis	97.500	80	80
U37;size=18	MW435092|Arctogadus_glacialis	97.500	80	80
U37;size=18	MW435094|Arctogadus_glacialis	97.500	80	80
U37;size=18	MW435095|Arctogadus_glacialis	97.500	80	80
U37;size=18	MW435096|Arctogadus_glacialis	97.500	80	80
U37;size=18	MW435098|Arctogadus_glacialis	97.500	80	80
U37;size=18	MW435099|Arctogadus_glacialis	97.500	80	80
U48;size=16	KX119494|Pollachius_virens	100.000	80	80
U48;size=16	KX119495|Pollachius_virens	100.000	80	80
U48;size=16	LC146692|Pollachius_virens	100.000	80	80
U48;size=16	MN893170|Pollachius_virens	100.000	80	80
U48;size=16	MK241678|Pollachius_virens	100.000	80	80
U48;size=16	MT455166|Pollachius_virens	100.000	80	80
U48;size=16	PQ034643|Pollachius_virens	100.000	80	80
U48;size=16	PV496049|Pollachius_virens	100.000	80	80
U48;size=16	PV496050|Pollachius_virens	100.000	80	80
U48;size=16	MK241680|Pollachius_virens	98.750	80	80
U48;size=16	MW435093|Arctogadus_glacialis	95.000	80	80
U48;size=16	MW435104|Arctogadus_glacialis	95.000	80	80
U48;size=16	PQ034644|Pollachius_virens	95.000	80	80
U48;size=16	PQ034645|Pollachius_virens	95.000	80	80
U48;size=16	MZ169750|Arctogadus_glacialis	93.750	80	80
U48;size=16	MZ169751|Arctogadus_glacialis	93.750	80	80
U48;size=16	MW435025|Arctogadus_glacialis	93.750	80	80
U48;size=16	MW435087|Arctogadus_glacialis	93.750	80	80
U48;size=16	MW435088|Arctogadus_glacialis	93.750	80	80
U48;size=16	MW435090|Arctogadus_glacialis	93.750	80	80
U48;size=16	MW435091|Arctogadus_glacialis	93.750	80	80
U48;size=16	MW435092|Arctogadus_glacialis	93.750	80	80
U48;size=16	MW435094|Arctogadus_glacialis	93.750	80	80
U48;size=16	MW435095|Arctogadus_glacialis	93.750	80	80
U48;size=16	MW435096|Arctogadus_glacialis	93.750	80	80
U48;size=16	MW435098|Arctogadus_glacialis	93.750	80	80
U48;size=16	MW435099|Arctogadus_glacialis	93.750	80	80
U48;size=16	MW435100|Arctogadus_glacialis	93.750	80	80
U48;size=16	MW435103|Arctogadus_glacialis	93.750	80	80
U48;size=16	MW435139|Arctogadus_glacialis	93.750	80	80
U48;size=16	MW435147|Arctogadus_glacialis	93.750	80	80
U48;size=16	PV496041|Arctogadus_glacialis	93.750	80	80
U48;size=16	MW829365|Gadus_morhua	93.750	80	80
U48;size=16	ON545933|Gadus_morhua	93.750	80	80
U48;size=16	PV541612|Gadus_chalcogrammus	93.750	80	80
U48;size=16	MG205000|Pollachius_virens	100.000	63	80
U48;size=16	MW831011|Gadus_morhua	92.500	80	80
U48;size=16	ON545931|Gadus_morhua	92.500	80	80
U48;size=16	ON545935|Gadus_morhua	92.500	80	80
U48;size=16	ON545937|Gadus_morhua	92.500	80	80
U48;size=16	ON545938|Gadus_morhua	92.500	80	80
U48;size=16	ON545957|Gadus_morhua	92.500	80	80
U48;size=16	ON545965|Gadus_morhua	92.500	80	80
U48;size=16	MZ407824|Gadus_morhua	92.500	80	80
U48;size=16	MZ407825|Gadus_morhua	92.500	80	80
U48;size=16	PP087981|Gadus_morhua	92.500	80	80
U48;size=16	PP087982|Gadus_morhua	92.500	80	80
U48;size=16	PP087983|Gadus_morhua	92.500	80	80
U48;size=16	PQ034651|Gadus_morhua	92.500	80	80
U48;size=16	PQ034652|Gadus_morhua	92.500	80	80
U45;size=14	MW831011|Gadus_morhua	97.500	80	80
U45;size=14	ON545931|Gadus_morhua	97.500	80	80
U45;size=14	ON545937|Gadus_morhua	97.500	80	80
U45;size=14	ON545938|Gadus_morhua	97.500	80	80
U45;size=14	ON545957|Gadus_morhua	97.500	80	80
U45;size=14	ON545965|Gadus_morhua	97.500	80	80
U45;size=14	MZ407824|Gadus_morhua	97.500	80	80
U45;size=14	MZ407825|Gadus_morhua	97.500	80	80
U45;size=14	PP087981|Gadus_morhua	97.500	80	80
U45;size=14	PP087982|Gadus_morhua	97.500	80	80
U45;size=14	PP087983|Gadus_morhua	97.500	80	80
U45;size=14	PQ034651|Gadus_morhua	97.500	80	80
U45;size=14	PQ034652|Gadus_morhua	97.500	80	80
U45;size=14	PQ034653|Gadus_morhua	97.500	80	80
U45;size=14	PV541600|Gadus_morhua	97.500	80	80
U45;size=14	PZ676065|Gadus_morhua	97.500	80	80
U45;size=14	MZ097918|Gadus_chalcogrammus	97.500	80	80
U45;size=14	MZ097919|Gadus_chalcogrammus	97.500	80	80
U45;size=14	MZ097920|Gadus_chalcogrammus	97.500	80	80
U45;size=14	MZ097921|Gadus_chalcogrammus	97.500	80	80
U45;size=14	MZ097922|Gadus_chalcogrammus	97.500	80	80
U45;size=14	MZ097923|Gadus_chalcogrammus	97.500	80	80
U45;size=14	MZ097924|Gadus_chalcogrammus	97.500	80	80
U45;size=14	MZ097925|Gadus_chalcogrammus	97.500	80	80
U45;size=14	MZ097926|Gadus_chalcogrammus	97.500	80	80
U45;size=14	MZ407786|Gadus_chalcogrammus	97.500	80	80
U45;size=14	MW435038|Gadus_chalcogrammus	97.500	80	80
U45;size=14	MW435064|Gadus_chalcogrammus	97.500	80	80
U45;size=14	MW435065|Gadus_chalcogrammus	97.500	80	80
U45;size=14	MW435131|Gadus_chalcogrammus	97.500	80	80
U45;size=14	OQ442221|Gadus_chalcogrammus	97.500	80	80
U45;size=14	OQ932941|Gadus_chalcogrammus	97.500	80	80
U45;size=14	PV541582|Gadus_chalcogrammus	97.500	80	80
U45;size=14	PV541586|Gadus_chalcogrammus	97.500	80	80
U45;size=14	PV541612|Gadus_chalcogrammus	97.500	80	80
U45;size=14	PX398564|Gadus_chalcogrammus	97.500	80	80
U45;size=14	ON545935|Gadus_morhua	96.250	80	80
U45;size=14	MZ169750|Arctogadus_glacialis	96.250	80	80
U45;size=14	MZ169751|Arctogadus_glacialis	96.250	80	80
U45;size=14	MW435025|Arctogadus_glacialis	96.250	80	80
U45;size=14	MW435087|Arctogadus_glacialis	96.250	80	80
U45;size=14	MW435088|Arctogadus_glacialis	96.250	80	80
U45;size=14	MW435090|Arctogadus_glacialis	96.250	80	80
U45;size=14	MW435091|Arctogadus_glacialis	96.250	80	80
U45;size=14	MW435092|Arctogadus_glacialis	96.250	80	80
U45;size=14	MW435094|Arctogadus_glacialis	96.250	80	80
U45;size=14	MW435095|Arctogadus_glacialis	96.250	80	80
U45;size=14	MW435096|Arctogadus_glacialis	96.250	80	80
U45;size=14	MW435098|Arctogadus_glacialis	96.250	80	80
U45;size=14	MW435099|Arctogadus_glacialis	96.250	80	80
U49;size=14	GU581264|Pollachius_virens	97.500	80	80
U49;size=14	AF420462|Gadus_morhua	97.500	80	80
U49;size=14	AY850363|Gadus_morhua	97.500	80	80
U49;size=14	AY141399|Gadus_morhua	97.500	80	80
U49;size=14	GU018116|Gadus_morhua	97.500	80	80
U49;size=14	GU931786|Gadus_morhua	97.500	80	80
U49;size=14	GU324163|Gadus_morhua	97.500	80	80
U49;size=14	JX121817|Gadus_morhua	97.500	80	80
U49;size=14	KJ128772|Gadus_morhua	97.500	80	80
U49;size=14	KJ128773|Gadus_morhua	97.500	80	80
U49;size=14	AF420461|Pollachius_virens	92.500	80	80
U49;size=14	FJ215186|Pollachius_virens	92.500	80	80
U49;size=14	AY800003|Gadus_chalcogrammus	92.500	80	80
U49;size=14	AY850362|Gadus_chalcogrammus	92.500	80	80
U49;size=14	FJ215192|Gadus_chalcogrammus	92.500	80	80
U49;size=14	GU581268|Gadus_chalcogrammus	92.500	80	80
U49;size=14	EF119324|Gadus_chalcogrammus	92.500	80	80
U49;size=14	EF119325|Gadus_chalcogrammus	92.500	80	80
U49;size=14	KJ010584|Gadus_chalcogrammus	92.500	80	80
U49;size=14	KJ010598|Gadus_chalcogrammus	92.500	80	80
U49;size=14	KJ010660|Gadus_chalcogrammus	92.500	80	80
U49;size=14	KJ010704|Gadus_chalcogrammus	92.500	80	80
U49;size=14	EU548199|Gadus_chalcogrammus	95.238	63	80
U49;size=14	EU548102|Gadus_chalcogrammus	93.651	63	80
U49;size=14	EU548198|Gadus_chalcogrammus	93.651	63	80
U52;size=12	MW831011|Gadus_morhua	100.000	74	80
U52;size=12	ON545931|Gadus_morhua	100.000	74	80
U52;size=12	ON545937|Gadus_morhua	100.000	74	80
U52;size=12	ON545938|Gadus_morhua	100.000	74	80
U52;size=12	ON545957|Gadus_morhua	100.000	74	80
U52;size=12	ON545965|Gadus_morhua	100.000	74	80
U52;size=12	MZ407824|Gadus_morhua	100.000	74	80
U52;size=12	MZ407825|Gadus_morhua	100.000	74	80
U52;size=12	PP087981|Gadus_morhua	100.000	74	80
U52;size=12	PP087982|Gadus_morhua	100.000	74	80
U52;size=12	PP087983|Gadus_morhua	100.000	74	80
U52;size=12	PQ034651|Gadus_morhua	100.000	74	80
U52;size=12	PQ034652|Gadus_morhua	100.000	74	80
U52;size=12	PQ034653|Gadus_morhua	100.000	74	80
U52;size=12	PV541600|Gadus_morhua	100.000	74	80
U52;size=12	PZ676065|Gadus_morhua	100.000	74	80
U52;size=12	MZ097918|Gadus_chalcogrammus	100.000	74	80
U52;size=12	MZ097919|Gadus_chalcogrammus	100.000	74	80
U52;size=12	MZ097920|Gadus_chalcogrammus	100.000	74	80
U52;size=12	MZ097921|Gadus_chalcogrammus	100.000	74	80
U52;size=12	MZ097922|Gadus_chalcogrammus	100.000	74	80
U52;size=12	MZ097923|Gadus_chalcogrammus	100.000	74	80
U52;size=12	MZ097924|Gadus_chalcogrammus	100.000	74	80
U52;size=12	MZ097925|Gadus_chalcogrammus	100.000	74	80
U52;size=12	MZ097926|Gadus_chalcogrammus	100.000	74	80
U52;size=12	MZ407786|Gadus_chalcogrammus	100.000	74	80
U52;size=12	MW435038|Gadus_chalcogrammus	100.000	74	80
U52;size=12	MW435064|Gadus_chalcogrammus	100.000	74	80
U52;size=12	MW435065|Gadus_chalcogrammus	100.000	74	80
U52;size=12	MW435131|Gadus_chalcogrammus	100.000	74	80
U52;size=12	OQ442221|Gadus_chalcogrammus	100.000	74	80
U52;size=12	OQ932941|Gadus_chalcogrammus	100.000	74	80
U52;size=12	PV541582|Gadus_chalcogrammus	100.000	74	80
U52;size=12	PV541586|Gadus_chalcogrammus	100.000	74	80
U52;size=12	PV541612|Gadus_chalcogrammus	100.000	74	80
U52;size=12	PX398564|Gadus_chalcogrammus	100.000	74	80
U52;size=12	ON545935|Gadus_morhua	98.649	74	80
U52;size=12	MZ169750|Arctogadus_glacialis	98.649	74	80
U52;size=12	MZ169751|Arctogadus_glacialis	98.649	74	80
U52;size=12	MW435025|Arctogadus_glacialis	98.649	74	80
U52;size=12	MW435087|Arctogadus_glacialis	98.649	74	80
U52;size=12	MW435088|Arctogadus_glacialis	98.649	74	80
U52;size=12	MW435090|Arctogadus_glacialis	98.649	74	80
U52;size=12	MW435091|Arctogadus_glacialis	98.649	74	80
U52;size=12	MW435092|Arctogadus_glacialis	98.649	74	80
U52;size=12	MW435094|Arctogadus_glacialis	98.649	74	80
U52;size=12	MW435095|Arctogadus_glacialis	98.649	74	80
U52;size=12	MW435096|Arctogadus_glacialis	98.649	74	80
U52;size=12	MW435098|Arctogadus_glacialis	98.649	74	80
U52;size=12	MW435099|Arctogadus_glacialis	98.649	74	80
U53;size=12	MW831011|Gadus_morhua	97.500	80	80
U53;size=12	ON545931|Gadus_morhua	97.500	80	80
U53;size=12	ON545937|Gadus_morhua	97.500	80	80
U53;size=12	ON545938|Gadus_morhua	97.500	80	80
U53;size=12	ON545957|Gadus_morhua	97.500	80	80
U53;size=12	ON545965|Gadus_morhua	97.500	80	80
U53;size=12	MZ407824|Gadus_morhua	97.500	80	80
U53;size=12	MZ407825|Gadus_morhua	97.500	80	80
U53;size=12	PP087981|Gadus_morhua	97.500	80	80
U53;size=12	PP087982|Gadus_morhua	97.500	80	80
U53;size=12	PP087983|Gadus_morhua	97.500	80	80
U53;size=12	PQ034651|Gadus_morhua	97.500	80	80
U53;size=12	PQ034652|Gadus_morhua	97.500	80	80
U53;size=12	PQ034653|Gadus_morhua	97.500	80	80
U53;size=12	PV541600|Gadus_morhua	97.500	80	80
U53;size=12	PZ676065|Gadus_morhua	97.500	80	80
U53;size=12	MZ097918|Gadus_chalcogrammus	97.500	80	80
U53;size=12	MZ097919|Gadus_chalcogrammus	97.500	80	80
U53;size=12	MZ097920|Gadus_chalcogrammus	97.500	80	80
U53;size=12	MZ097921|Gadus_chalcogrammus	97.500	80	80
U53;size=12	MZ097922|Gadus_chalcogrammus	97.500	80	80
U53;size=12	MZ097923|Gadus_chalcogrammus	97.500	80	80
U53;size=12	MZ097924|Gadus_chalcogrammus	97.500	80	80
U53;size=12	MZ097925|Gadus_chalcogrammus	97.500	80	80
U53;size=12	MZ097926|Gadus_chalcogrammus	97.500	80	80
U53;size=12	MZ407786|Gadus_chalcogrammus	97.500	80	80
U53;size=12	MW435038|Gadus_chalcogrammus	97.500	80	80
U53;size=12	MW435064|Gadus_chalcogrammus	97.500	80	80
U53;size=12	MW435065|Gadus_chalcogrammus	97.500	80	80
U53;size=12	MW435131|Gadus_chalcogrammus	97.500	80	80
U53;size=12	OQ442221|Gadus_chalcogrammus	97.500	80	80
U53;size=12	OQ932941|Gadus_chalcogrammus	97.500	80	80
U53;size=12	PV541582|Gadus_chalcogrammus	97.500	80	80
U53;size=12	PV541586|Gadus_chalcogrammus	97.500	80	80
U53;size=12	PV541612|Gadus_chalcogrammus	97.500	80	80
U53;size=12	PX398564|Gadus_chalcogrammus	97.500	80	80
U53;size=12	ON545935|Gadus_morhua	96.250	80	80
U53;size=12	MZ169750|Arctogadus_glacialis	96.250	80	80
U53;size=12	MZ169751|Arctogadus_glacialis	96.250	80	80
U53;size=12	MW435025|Arctogadus_glacialis	96.250	80	80
U53;size=12	MW435087|Arctogadus_glacialis	96.250	80	80
U53;size=12	MW435088|Arctogadus_glacialis	96.250	80	80
U53;size=12	MW435090|Arctogadus_glacialis	96.250	80	80
U53;size=12	MW435091|Arctogadus_glacialis	96.250	80	80
U53;size=12	MW435092|Arctogadus_glacialis	96.250	80	80
U53;size=12	MW435094|Arctogadus_glacialis	96.250	80	80
U53;size=12	MW435095|Arctogadus_glacialis	96.250	80	80
U53;size=12	MW435096|Arctogadus_glacialis	96.250	80	80
U53;size=12	MW435098|Arctogadus_glacialis	96.250	80	80
U53;size=12	MW435099|Arctogadus_glacialis	96.250	80	80
U55;size=10	MW831011|Gadus_morhua	100.000	80	80
U55;size=10	ON545931|Gadus_morhua	100.000	80	80
U55;size=10	ON545937|Gadus_morhua	100.000	80	80
U55;size=10	ON545938|Gadus_morhua	100.000	80	80
U55;size=10	ON545957|Gadus_morhua	100.000	80	80
U55;size=10	ON545965|Gadus_morhua	100.000	80	80
U55;size=10	MZ407824|Gadus_morhua	100.000	80	80
U55;size=10	MZ407825|Gadus_morhua	100.000	80	80
U55;size=10	PP087981|Gadus_morhua	100.000	80	80
U55;size=10	PP087982|Gadus_morhua	100.000	80	80
U55;size=10	PP087983|Gadus_morhua	100.000	80	80
U55;size=10	PQ034651|Gadus_morhua	100.000	80	80
U55;size=10	PQ034652|Gadus_morhua	100.000	80	80
U55;size=10	PQ034653|Gadus_morhua	100.000	80	80
U55;size=10	PV541600|Gadus_morhua	100.000	80	80
U55;size=10	PZ676065|Gadus_morhua	100.000	80	80
U55;size=10	MZ097918|Gadus_chalcogrammus	100.000	80	80
U55;size=10	MZ097919|Gadus_chalcogrammus	100.000	80	80
U55;size=10	MZ097920|Gadus_chalcogrammus	100.000	80	80
U55;size=10	MZ097921|Gadus_chalcogrammus	100.000	80	80
U55;size=10	MZ097922|Gadus_chalcogrammus	100.000	80	80
U55;size=10	MZ097923|Gadus_chalcogrammus	100.000	80	80
U55;size=10	MZ097924|Gadus_chalcogrammus	100.000	80	80
U55;size=10	MZ097925|Gadus_chalcogrammus	100.000	80	80
U55;size=10	MZ097926|Gadus_chalcogrammus	100.000	80	80
U55;size=10	MZ407786|Gadus_chalcogrammus	100.000	80	80
U55;size=10	MW435038|Gadus_chalcogrammus	100.000	80	80
U55;size=10	MW435064|Gadus_chalcogrammus	100.000	80	80
U55;size=10	MW435065|Gadus_chalcogrammus	100.000	80	80
U55;size=10	MW435131|Gadus_chalcogrammus	100.000	80	80
U55;size=10	OQ442221|Gadus_chalcogrammus	100.000	80	80
U55;size=10	OQ932941|Gadus_chalcogrammus	100.000	80	80
U55;size=10	PV541582|Gadus_chalcogrammus	100.000	80	80
U55;size=10	PV541586|Gadus_chalcogrammus	100.000	80	80
U55;size=10	PV541612|Gadus_chalcogrammus	100.000	80	80
U55;size=10	PX398564|Gadus_chalcogrammus	100.000	80	80
U55;size=10	ON545935|Gadus_morhua	98.750	80	80
U55;size=10	MZ169750|Arctogadus_glacialis	98.750	80	80
U55;size=10	MZ169751|Arctogadus_glacialis	98.750	80	80
U55;size=10	MW435025|Arctogadus_glacialis	98.750	80	80
U55;size=10	MW435087|Arctogadus_glacialis	98.750	80	80
U55;size=10	MW435088|Arctogadus_glacialis	98.750	80	80
U55;size=10	MW435090|Arctogadus_glacialis	98.750	80	80
U55;size=10	MW435091|Arctogadus_glacialis	98.750	80	80
U55;size=10	MW435092|Arctogadus_glacialis	98.750	80	80
U55;size=10	MW435094|Arctogadus_glacialis	98.750	80	80
U55;size=10	MW435095|Arctogadus_glacialis	98.750	80	80
U55;size=10	MW435096|Arctogadus_glacialis	98.750	80	80
U55;size=10	MW435098|Arctogadus_glacialis	98.750	80	80
U55;size=10	MW435099|Arctogadus_glacialis	98.750	80	80
U57;size=10	MW831011|Gadus_morhua	98.649	74	80
U57;size=10	ON545931|Gadus_morhua	98.649	74	80
U57;size=10	ON545937|Gadus_morhua	98.649	74	80
U57;size=10	ON545938|Gadus_morhua	98.649	74	80
U57;size=10	ON545957|Gadus_morhua	98.649	74	80
U57;size=10	ON545965|Gadus_morhua	98.649	74	80
U57;size=10	MZ407824|Gadus_morhua	98.649	74	80
U57;size=10	MZ407825|Gadus_morhua	98.649	74	80
U57;size=10	PP087981|Gadus_morhua	98.649	74	80
U57;size=10	PP087982|Gadus_morhua	98.649	74	80
U57;size=10	PP087983|Gadus_morhua	98.649	74	80
U57;size=10	PQ034651|Gadus_morhua	98.649	74	80
U57;size=10	PQ034652|Gadus_morhua	98.649	74	80
U57;size=10	PQ034653|Gadus_morhua	98.649	74	80
U57;size=10	PV541600|Gadus_morhua	98.649	74	80
U57;size=10	PZ676065|Gadus_morhua	98.649	74	80
U57;size=10	MZ097918|Gadus_chalcogrammus	98.649	74	80
U57;size=10	MZ097919|Gadus_chalcogrammus	98.649	74	80
U57;size=10	MZ097920|Gadus_chalcogrammus	98.649	74	80
U57;size=10	MZ097921|Gadus_chalcogrammus	98.649	74	80
U57;size=10	MZ097922|Gadus_chalcogrammus	98.649	74	80
U57;size=10	MZ097923|Gadus_chalcogrammus	98.649	74	80
U57;size=10	MZ097924|Gadus_chalcogrammus	98.649	74	80
U57;size=10	MZ097925|Gadus_chalcogrammus	98.649	74	80
U57;size=10	MZ097926|Gadus_chalcogrammus	98.649	74	80
U57;size=10	MZ407786|Gadus_chalcogrammus	98.649	74	80
U57;size=10	MW435038|Gadus_chalcogrammus	98.649	74	80
U57;size=10	MW435064|Gadus_chalcogrammus	98.649	74	80
U57;size=10	MW435065|Gadus_chalcogrammus	98.649	74	80
U57;size=10	MW435131|Gadus_chalcogrammus	98.649	74	80
U57;size=10	OQ442221|Gadus_chalcogrammus	98.649	74	80
U57;size=10	OQ932941|Gadus_chalcogrammus	98.649	74	80
U57;size=10	PV541582|Gadus_chalcogrammus	98.649	74	80
U57;size=10	PV541586|Gadus_chalcogrammus	98.649	74	80
U57;size=10	PV541612|Gadus_chalcogrammus	98.649	74	80
U57;size=10	PX398564|Gadus_chalcogrammus	98.649	74	80
U57;size=10	ON545935|Gadus_morhua	97.297	74	80
U57;size=10	MZ169750|Arctogadus_glacialis	97.297	74	80
U57;size=10	MZ169751|Arctogadus_glacialis	97.297	74	80
U57;size=10	MW435025|Arctogadus_glacialis	97.297	74	80
U57;size=10	MW435087|Arctogadus_glacialis	97.297	74	80
U57;size=10	MW435088|Arctogadus_glacialis	97.297	74	80
U57;size=10	MW435090|Arctogadus_glacialis	97.297	74	80
U57;size=10	MW435091|Arctogadus_glacialis	97.297	74	80
U57;size=10	MW435092|Arctogadus_glacialis	97.297	74	80
U57;size=10	MW435094|Arctogadus_glacialis	97.297	74	80
U57;size=10	MW435095|Arctogadus_glacialis	97.297	74	80
U57;size=10	MW435096|Arctogadus_glacialis	97.297	74	80
U57;size=10	MW435098|Arctogadus_glacialis	97.297	74	80
U57;size=10	MW435099|Arctogadus_glacialis	97.297	74	80
U58;size=8	MG253482|Pleuronectes_platessa	100.000	80	80
U58;size=8	MG253483|Pleuronectes_platessa	100.000	80	80
U58;size=8	MG253484|Pleuronectes_platessa	100.000	80	80
U58;size=8	MG253485|Pleuronectes_platessa	100.000	80	80
U58;size=8	MG253486|Pleuronectes_platessa	100.000	80	80
U58;size=8	MG253487|Pleuronectes_platessa	100.000	80	80
U58;size=8	MG253488|Pleuronectes_platessa	100.000	80	80
U58;size=8	MG253489|Pleuronectes_platessa	100.000	80	80
U58;size=8	MG253490|Pleuronectes_platessa	100.000	80	80
U58;size=8	MG253491|Pleuronectes_platessa	100.000	80	80
U58;size=8	MN893185|Pleuronectes_platessa	100.000	80	80
U58;size=8	MK216614|Pleuronectes_platessa	100.000	80	80
U58;size=8	MT890558|Pleuronectes_platessa	100.000	80	80
U58;size=8	MT890559|Pleuronectes_platessa	100.000	80	80
U58;size=8	MT890560|Pleuronectes_platessa	100.000	80	80
U58;size=8	MN756319|Pleuronectes_platessa	100.000	80	80
U58;size=8	ON545944|Pleuronectes_platessa	100.000	80	80
U58;size=8	ON545949|Pleuronectes_platessa	100.000	80	80
U58;size=8	ON545954|Pleuronectes_platessa	100.000	80	80
U58;size=8	ON545962|Pleuronectes_platessa	100.000	80	80
U58;size=8	EU513661|Limanda_aspera	92.500	80	80
U58;size=8	MK283723|Limanda_aspera	92.500	80	80
U58;size=8	MZ314738|Limanda_aspera	92.500	80	80
U58;size=8	MW829385|Limanda_aspera	92.500	80	80
U58;size=8	ON089662|Limanda_aspera	92.500	80	80
U58;size=8	PV541577|Limanda_aspera	92.500	80	80
U58;size=8	PV541609|Limanda_aspera	92.500	80	80
U58;size=8	EU513662|Limanda_aspera	91.250	80	80
U58;size=8	EU513663|Limanda_aspera	91.250	80	80
U58;size=8	MG205133|Limanda_aspera	91.250	80	80
U58;size=8	MW692350|Limanda_aspera	91.250	80	80
U58;size=8	MZ317440|Limanda_aspera	91.250	80	80
U58;size=8	MW435027|Limanda_aspera	91.250	80	80
U58;size=8	MK283722|Limanda_aspera	91.176	68	80
U58;size=8	MK283726|Limanda_aspera	91.176	68	80
U58;size=8	MK283724|Limanda_aspera	91.045	67	80
U58;size=8	MG204933|Limanda_aspera	92.063	63	80
U58;size=8	MK283721|Limanda_aspera	93.333	60	80
U59;size=8	MW831011|Gadus_morhua	96.250	80	80
U59;size=8	ON545931|Gadus_morhua	96.250	80	80
U59;size=8	ON545937|Gadus_morhua	96.250	80	80
U59;size=8	ON545938|Gadus_morhua	96.250	80	80
U59;size=8	ON545957|Gadus_morhua	96.250	80	80
U59;size=8	ON545965|Gadus_morhua	96.250	80	80
U59;size=8	MZ407824|Gadus_morhua	96.250	80	80
U59;size=8	MZ407825|Gadus_morhua	96.250	80	80
U59;size=8	PP087981|Gadus_morhua	96.250	80	80
U59;size=8	PP087982|Gadus_morhua	96.250	80	80
U59;size=8	PP087983|Gadus_morhua	96.250	80	80
U59;size=8	PQ034651|Gadus_morhua	96.250	80	80
U59;size=8	PQ034652|Gadus_morhua	96.250	80	80
U59;size=8	PQ034653|Gadus_morhua	96.250	80	80
U59;size=8	PV541600|Gadus_morhua	96.250	80	80
U59;size=8	PZ676065|Gadus_morhua	96.250	80	80
U59;size=8	MZ097918|Gadus_chalcogrammus	96.250	80	80
U59;size=8	MZ097919|Gadus_chalcogrammus	96.250	80	80
U59;size=8	MZ097920|Gadus_chalcogrammus	96.250	80	80
U59;size=8	MZ097921|Gadus_chalcogrammus	96.250	80	80
U59;size=8	MZ097922|Gadus_chalcogrammus	96.250	80	80
U59;size=8	MZ097923|Gadus_chalcogrammus	96.250	80	80
U59;size=8	MZ097924|Gadus_chalcogrammus	96.250	80	80
U59;size=8	MZ097925|Gadus_chalcogrammus	96.250	80	80
U59;size=8	MZ097926|Gadus_chalcogrammus	96.250	80	80
U59;size=8	MZ407786|Gadus_chalcogrammus	96.250	80	80
U59;size=8	MW435038|Gadus_chalcogrammus	96.250	80	80
U59;size=8	MW435064|Gadus_chalcogrammus	96.250	80	80
U59;size=8	MW435065|Gadus_chalcogrammus	96.250	80	80
U59;size=8	MW435131|Gadus_chalcogrammus	96.250	80	80
U59;size=8	OQ442221|Gadus_chalcogrammus	96.250	80	80
U59;size=8	OQ932941|Gadus_chalcogrammus	96.250	80	80
U59;size=8	PV541582|Gadus_chalcogrammus	96.250	80	80
U59;size=8	PV541586|Gadus_chalcogrammus	96.250	80	80
U59;size=8	PV541612|Gadus_chalcogrammus	96.250	80	80
U59;size=8	PX398564|Gadus_chalcogrammus	96.250	80	80
U59;size=8	ON545935|Gadus_morhua	95.000	80	80
U59;size=8	MZ169750|Arctogadus_glacialis	95.000	80	80
U59;size=8	MZ169751|Arctogadus_glacialis	95.000	80	80
U59;size=8	MW435025|Arctogadus_glacialis	95.000	80	80
U59;size=8	MW435087|Arctogadus_glacialis	95.000	80	80
U59;size=8	MW435088|Arctogadus_glacialis	95.000	80	80
U59;size=8	MW435090|Arctogadus_glacialis	95.000	80	80
U59;size=8	MW435091|Arctogadus_glacialis	95.000	80	80
U59;size=8	MW435092|Arctogadus_glacialis	95.000	80	80
U59;size=8	MW435094|Arctogadus_glacialis	95.000	80	80
U59;size=8	MW435095|Arctogadus_glacialis	95.000	80	80
U59;size=8	MW435096|Arctogadus_glacialis	95.000	80	80
U59;size=8	MW435098|Arctogadus_glacialis	95.000	80	80
U59;size=8	MW435099|Arctogadus_glacialis	95.000	80	80
U62;size=7	ON545962|Pleuronectes_platessa	97.368	76	80
U62;size=7	MK283725|Limanda_aspera	93.750	80	80
U62;size=7	ON545949|Pleuronectes_platessa	98.361	61	80
U62;size=7	ON545954|Pleuronectes_platessa	98.361	61	80
U62;size=7	MT890558|Pleuronectes_platessa	100.000	56	80
U62;size=7	MN893185|Pleuronectes_platessa	100.000	53	80
U62;size=7	MT890560|Pleuronectes_platessa	96.429	56	80
U62;size=7	LC146692|Pollachius_virens	91.176	68	80
U62;size=7	MW435027|Limanda_aspera	96.226	53	80
U62;size=7	MT890559|Pleuronectes_platessa	94.643	56	80
U62;size=7	MK241678|Pollachius_virens	91.935	62	80
U62;size=7	MK241680|Pollachius_virens	91.935	62	80
U62;size=7	OR290809|Merluccius_gayi	86.842	76	80
U62;size=7	OR290803|Merluccius_gayi	88.235	68	80
U62;size=7	KX119494|Pollachius_virens	90.196	51	80
U62;size=7	KX119495|Pollachius_virens	90.196	51	80
U62;size=7	MN893170|Pollachius_virens	90.196	51	80
U62;size=7	MT455166|Pollachius_virens	90.196	51	80
U62;size=7	PV496049|Pollachius_virens	90.196	51	80
U62;size=7	PV496050|Pollachius_virens	90.196	51	80
U62;size=7	PQ034643|Pollachius_virens	90.000	50	80
U62;size=7	PQ034644|Pollachius_virens	90.000	50	80
U62;size=7	PQ034645|Pollachius_virens	90.000	50	80
U62;size=7	MW829385|Limanda_aspera	94.872	39	80
U62;size=7	ON545944|Pleuronectes_platessa	100.000	28	80
U68;size=6	MK283725|Limanda_aspera	100.000	30	32
U90;size=6	AY157328|Pleuronectes_platessa	96.250	80	80
U90;size=6	GU324137|Pleuronectes_platessa	96.250	80	80
U90;size=6	JQ939088|Pleuronectes_platessa	96.250	80	80
U90;size=6	KJ128864|Pleuronectes_platessa	96.250	80	80
U90;size=6	KJ128865|Pleuronectes_platessa	96.250	80	80
U90;size=6	EU348298|Pleuronectes_platessa	95.000	80	80
U90;size=6	AY359673|Pleuronectes_platessa	91.250	80	80
U70;size=5	AY157328|Pleuronectes_platessa	97.403	77	80
U70;size=5	EU348298|Pleuronectes_platessa	97.403	77	80
U70;size=5	GU324137|Pleuronectes_platessa	97.403	77	80
U70;size=5	GU324168|Pleuronectes_platessa	97.403	77	80
U70;size=5	JQ939088|Pleuronectes_platessa	97.403	77	80
U70;size=5	KJ128864|Pleuronectes_platessa	97.403	77	80
U70;size=5	KJ128865|Pleuronectes_platessa	97.403	77	80
U70;size=5	AY359673|Pleuronectes_platessa	94.805	77	80
U71;size=5	MW831011|Gadus_morhua	97.297	74	80
U71;size=5	ON545931|Gadus_morhua	97.297	74	80
U71;size=5	ON545937|Gadus_morhua	97.297	74	80
U71;size=5	ON545938|Gadus_morhua	97.297	74	80
U71;size=5	ON545957|Gadus_morhua	97.297	74	80
U71;size=5	ON545965|Gadus_morhua	97.297	74	80
U71;size=5	MZ407824|Gadus_morhua	97.297	74	80
U71;size=5	MZ407825|Gadus_morhua	97.297	74	80
U71;size=5	PP087981|Gadus_morhua	97.297	74	80
U71;size=5	PP087982|Gadus_morhua	97.297	74	80
U71;size=5	PP087983|Gadus_morhua	97.297	74	80
U71;size=5	PQ034651|Gadus_morhua	97.297	74	80
U71;size=5	PQ034652|Gadus_morhua	97.297	74	80
U71;size=5	PQ034653|Gadus_morhua	97.297	74	80
U71;size=5	PV541600|Gadus_morhua	97.297	74	80
U71;size=5	PZ676065|Gadus_morhua	97.297	74	80
U71;size=5	MZ097918|Gadus_chalcogrammus	97.297	74	80
U71;size=5	MZ097919|Gadus_chalcogrammus	97.297	74	80
U71;size=5	MZ097920|Gadus_chalcogrammus	97.297	74	80
U71;size=5	MZ097921|Gadus_chalcogrammus	97.297	74	80
U71;size=5	MZ097922|Gadus_chalcogrammus	97.297	74	80
U71;size=5	MZ097923|Gadus_chalcogrammus	97.297	74	80
U71;size=5	MZ097924|Gadus_chalcogrammus	97.297	74	80
U71;size=5	MZ097925|Gadus_chalcogrammus	97.297	74	80
U71;size=5	MZ097926|Gadus_chalcogrammus	97.297	74	80
U71;size=5	MZ407786|Gadus_chalcogrammus	97.297	74	80
U71;size=5	MW435038|Gadus_chalcogrammus	97.297	74	80
U71;size=5	MW435064|Gadus_chalcogrammus	97.297	74	80
U71;size=5	MW435065|Gadus_chalcogrammus	97.297	74	80
U71;size=5	MW435131|Gadus_chalcogrammus	97.297	74	80
U71;size=5	OQ442221|Gadus_chalcogrammus	97.297	74	80
U71;size=5	OQ932941|Gadus_chalcogrammus	97.297	74	80
U71;size=5	PV541582|Gadus_chalcogrammus	97.297	74	80
U71;size=5	PV541586|Gadus_chalcogrammus	97.297	74	80
U71;size=5	PV541612|Gadus_chalcogrammus	97.297	74	80
U71;size=5	PX398564|Gadus_chalcogrammus	97.297	74	80
U71;size=5	ON545935|Gadus_morhua	95.946	74	80
U71;size=5	MZ169750|Arctogadus_glacialis	95.946	74	80
U71;size=5	MZ169751|Arctogadus_glacialis	95.946	74	80
U71;size=5	MW435025|Arctogadus_glacialis	95.946	74	80
U71;size=5	MW435087|Arctogadus_glacialis	95.946	74	80
U71;size=5	MW435088|Arctogadus_glacialis	95.946	74	80
U71;size=5	MW435090|Arctogadus_glacialis	95.946	74	80
U71;size=5	MW435091|Arctogadus_glacialis	95.946	74	80
U71;size=5	MW435092|Arctogadus_glacialis	95.946	74	80
U71;size=5	MW435094|Arctogadus_glacialis	95.946	74	80
U71;size=5	MW435095|Arctogadus_glacialis	95.946	74	80
U71;size=5	MW435096|Arctogadus_glacialis	95.946	74	80
U71;size=5	MW435098|Arctogadus_glacialis	95.946	74	80
U71;size=5	MW435099|Arctogadus_glacialis	95.946	74	80
U77;size=5	MG253482|Pleuronectes_platessa	98.750	80	80
U77;size=5	MG253483|Pleuronectes_platessa	98.750	80	80
U77;size=5	MG253484|Pleuronectes_platessa	98.750	80	80
U77;size=5	MG253485|Pleuronectes_platessa	98.750	80	80
U77;size=5	MG253486|Pleuronectes_platessa	98.750	80	80
U77;size=5	MG253487|Pleuronectes_platessa	98.750	80	80
U77;size=5	MG253488|Pleuronectes_platessa	98.750	80	80
U77;size=5	MG253489|Pleuronectes_platessa	98.750	80	80
U77;size=5	MG253490|Pleuronectes_platessa	98.750	80	80
U77;size=5	MG253491|Pleuronectes_platessa	98.750	80	80
U77;size=5	MN893185|Pleuronectes_platessa	98.750	80	80
U77;size=5	MK216614|Pleuronectes_platessa	98.750	80	80
U77;size=5	MT890558|Pleuronectes_platessa	98.750	80	80
U77;size=5	MT890559|Pleuronectes_platessa	98.750	80	80
U77;size=5	MT890560|Pleuronectes_platessa	98.750	80	80
U77;size=5	MN756319|Pleuronectes_platessa	98.750	80	80
U77;size=5	ON545944|Pleuronectes_platessa	98.750	80	80
U77;size=5	ON545949|Pleuronectes_platessa	98.750	80	80
U77;size=5	ON545954|Pleuronectes_platessa	98.750	80	80
U77;size=5	ON545962|Pleuronectes_platessa	98.750	80	80
U77;size=5	EU513661|Limanda_aspera	93.750	80	80
U77;size=5	MK283723|Limanda_aspera	93.750	80	80
U77;size=5	MZ314738|Limanda_aspera	93.750	80	80
U77;size=5	MW829385|Limanda_aspera	93.750	80	80
U77;size=5	ON089662|Limanda_aspera	93.750	80	80
U77;size=5	PV541577|Limanda_aspera	93.750	80	80
U77;size=5	PV541609|Limanda_aspera	93.750	80	80
U77;size=5	EU513662|Limanda_aspera	92.500	80	80
U77;size=5	EU513663|Limanda_aspera	92.500	80	80
U77;size=5	MG205133|Limanda_aspera	92.500	80	80
U77;size=5	MW692350|Limanda_aspera	92.500	80	80
U77;size=5	MZ317440|Limanda_aspera	92.500	80	80
U77;size=5	MW435027|Limanda_aspera	92.500	80	80
U77;size=5	MK283722|Limanda_aspera	92.647	68	80
U77;size=5	MK283726|Limanda_aspera	92.647	68	80
U77;size=5	MK283724|Limanda_aspera	92.537	67	80
U77;size=5	MG204933|Limanda_aspera	93.651	63	80
U77;size=5	MK283721|Limanda_aspera	95.000	60	80
U136;size=4	GU581264|Pollachius_virens	100.000	42	44
U136;size=4	AF420462|Gadus_morhua	100.000	42	44
U136;size=4	AY850363|Gadus_morhua	100.000	42	44
U136;size=4	AY141399|Gadus_morhua	100.000	42	44
U136;size=4	GU018116|Gadus_morhua	100.000	42	44
U136;size=4	GU931786|Gadus_morhua	100.000	42	44
U136;size=4	GU324163|Gadus_morhua	100.000	42	44
U136;size=4	JX121817|Gadus_morhua	100.000	42	44
U136;size=4	KJ128772|Gadus_morhua	100.000	42	44
U136;size=4	KJ128773|Gadus_morhua	100.000	42	44
U136;size=4	AY850362|Gadus_chalcogrammus	100.000	42	44
U136;size=4	EU548102|Gadus_chalcogrammus	100.000	42	44
U136;size=4	EU548198|Gadus_chalcogrammus	100.000	42	44
U136;size=4	EU548199|Gadus_chalcogrammus	100.000	42	44
U136;size=4	FJ215192|Gadus_chalcogrammus	100.000	42	44
U136;size=4	GU581268|Gadus_chalcogrammus	100.000	42	44
U136;size=4	EF119324|Gadus_chalcogrammus	100.000	42	44
U136;size=4	EF119325|Gadus_chalcogrammus	100.000	42	44
U136;size=4	KJ010584|Gadus_chalcogrammus	100.000	42	44
U136;size=4	KJ010598|Gadus_chalcogrammus	100.000	42	44
U136;size=4	KJ010660|Gadus_chalcogrammus	100.000	42	44
U136;size=4	KJ010704|Gadus_chalcogrammus	100.000	42	44
U136;size=4	FN687991|Gadus_morhua	100.000	41	44
U136;size=4	FN687992|Gadus_morhua	100.000	41	44
U136;size=4	FN687993|Gadus_morhua	100.000	41	44
U136;size=4	FN687994|Gadus_morhua	100.000	41	44
U136;size=4	FN687995|Gadus_morhua	100.000	41	44
U136;size=4	AF420461|Pollachius_virens	97.561	41	44
U136;size=4	FJ215186|Pollachius_virens	97.561	41	44
U136;size=4	KJ128866|Pollachius_virens	97.561	41	44
U136;size=4	KJ128867|Pollachius_virens	97.561	41	44
U136;size=4	AY800003|Gadus_chalcogrammus	97.561	41	44
U78;size=4	MN893185|Pleuronectes_platessa	100.000	80	80
U78;size=4	MT890558|Pleuronectes_platessa	100.000	80	80
U78;size=4	ON545949|Pleuronectes_platessa	100.000	80	80
U78;size=4	ON545954|Pleuronectes_platessa	100.000	80	80
U78;size=4	ON545962|Pleuronectes_platessa	100.000	80	80
U78;size=4	MT890560|Pleuronectes_platessa	97.500	80	80
U78;size=4	MT890559|Pleuronectes_platessa	96.250	80	80
U78;size=4	MK283725|Limanda_aspera	95.000	80	80
U78;size=4	MW435027|Limanda_aspera	93.750	80	80
U78;size=4	ON545944|Pleuronectes_platessa	100.000	60	80
U78;size=4	MW829385|Limanda_aspera	94.366	71	80
U78;size=4	MG253482|Pleuronectes_platessa	100.000	53	80
U78;size=4	MG253483|Pleuronectes_platessa	100.000	53	80
U78;size=4	MG253484|Pleuronectes_platessa	100.000	53	80
U78;size=4	MG253485|Pleuronectes_platessa	100.000	53	80
U78;size=4	MG253486|Pleuronectes_platessa	100.000	53	80
U78;size=4	MG253487|Pleuronectes_platessa	100.000	53	80
U78;size=4	MG253488|Pleuronectes_platessa	100.000	53	80
U78;size=4	MG253489|Pleuronectes_platessa	100.000	53	80
U78;size=4	MG253490|Pleuronectes_platessa	100.000	53	80
U78;size=4	MG253491|Pleuronectes_platessa	100.000	53	80
U78;size=4	MK216614|Pleuronectes_platessa	100.000	43	80
U78;size=4	MN756319|Pleuronectes_platessa	100.000	42	80
U86;size=4	MW831011|Gadus_morhua	98.750	80	80
U86;size=4	ON545931|Gadus_morhua	98.750	80	80
U86;size=4	ON545937|Gadus_morhua	98.750	80	80
U86;size=4	ON545938|Gadus_morhua	98.750	80	80
U86;size=4	ON545957|Gadus_morhua	98.750	80	80
U86;size=4	ON545965|Gadus_morhua	98.750	80	80
U86;size=4	MZ407824|Gadus_morhua	98.750	80	80
U86;size=4	MZ407825|Gadus_morhua	98.750	80	80
U86;size=4	PP087981|Gadus_morhua	98.750	80	80
U86;size=4	PP087982|Gadus_morhua	98.750	80	80
U86;size=4	PP087983|Gadus_morhua	98.750	80	80
U86;size=4	PQ034651|Gadus_morhua	98.750	80	80
U86;size=4	PQ034652|Gadus_morhua	98.750	80	80
U86;size=4	PQ034653|Gadus_morhua	98.750	80	80
U86;size=4	PV541600|Gadus_morhua	98.750	80	80
U86;size=4	PZ676065|Gadus_morhua	98.750	80	80
U86;size=4	MZ097918|Gadus_chalcogrammus	98.750	80	80
U86;size=4	MZ097919|Gadus_chalcogrammus	98.750	80	80
U86;size=4	MZ097920|Gadus_chalcogrammus	98.750	80	80
U86;size=4	MZ097921|Gadus_chalcogrammus	98.750	80	80
U86;size=4	MZ097922|Gadus_chalcogrammus	98.750	80	80
U86;size=4	MZ097923|Gadus_chalcogrammus	98.750	80	80
U86;size=4	MZ097924|Gadus_chalcogrammus	98.750	80	80
U86;size=4	MZ097925|Gadus_chalcogrammus	98.750	80	80
U86;size=4	MZ097926|Gadus_chalcogrammus	98.750	80	80
U86;size=4	MZ407786|Gadus_chalcogrammus	98.750	80	80
U86;size=4	MW435038|Gadus_chalcogrammus	98.750	80	80
U86;size=4	MW435064|Gadus_chalcogrammus	98.750	80	80
U86;size=4	MW435065|Gadus_chalcogrammus	98.750	80	80
U86;size=4	MW435131|Gadus_chalcogrammus	98.750	80	80
U86;size=4	OQ442221|Gadus_chalcogrammus	98.750	80	80
U86;size=4	OQ932941|Gadus_chalcogrammus	98.750	80	80
U86;size=4	PV541582|Gadus_chalcogrammus	98.750	80	80
U86;size=4	PV541586|Gadus_chalcogrammus	98.750	80	80
U86;size=4	PV541612|Gadus_chalcogrammus	98.750	80	80
U86;size=4	PX398564|Gadus_chalcogrammus	98.750	80	80
U86;size=4	ON545935|Gadus_morhua	97.500	80	80
U86;size=4	MZ169750|Arctogadus_glacialis	97.500	80	80
U86;size=4	MZ169751|Arctogadus_glacialis	97.500	80	80
U86;size=4	MW435025|Arctogadus_glacialis	97.500	80	80
U86;size=4	MW435087|Arctogadus_glacialis	97.500	80	80
U86;size=4	MW435088|Arctogadus_glacialis	97.500	80	80
U86;size=4	MW435090|Arctogadus_glacialis	97.500	80	80
U86;size=4	MW435091|Arctogadus_glacialis	97.500	80	80
U86;size=4	MW435092|Arctogadus_glacialis	97.500	80	80
U86;size=4	MW435094|Arctogadus_glacialis	97.500	80	80
U86;size=4	MW435095|Arctogadus_glacialis	97.500	80	80
U86;size=4	MW435096|Arctogadus_glacialis	97.500	80	80
U86;size=4	MW435098|Arctogadus_glacialis	97.500	80	80
U86;size=4	MW435099|Arctogadus_glacialis	97.500	80	80
U103;size=3	MT833816|Sander_lucioperca	100.000	80	80
U103;size=3	ON097642|Sander_lucioperca	100.000	80	80
U103;size=3	ON097742|Sander_lucioperca	100.000	80	80
U103;size=3	ON097886|Sander_lucioperca	100.000	80	80
U103;size=3	ON097303|Sander_lucioperca	100.000	80	80
U103;size=3	ON934138|Sander_lucioperca	100.000	80	80
U103;size=3	PQ394796|Sander_lucioperca	100.000	80	80
U103;size=3	PV841528|Sander_lucioperca	100.000	80	80
U103;size=3	PV841529|Sander_lucioperca	100.000	80	80
U103;size=3	PV841530|Sander_lucioperca	100.000	80	80
U103;size=3	PV841531|Sander_lucioperca	100.000	80	80
U103;size=3	PV841532|Sander_lucioperca	100.000	80	80
U103;size=3	PV841533|Sander_lucioperca	100.000	80	80
U103;size=3	PV841534|Sander_lucioperca	100.000	80	80
U103;size=3	PV841535|Sander_lucioperca	100.000	80	80
U103;size=3	PV841536|Sander_lucioperca	100.000	80	80
U103;size=3	PV841537|Sander_lucioperca	100.000	80	80
U103;size=3	PV841538|Sander_lucioperca	100.000	80	80
U103;size=3	PV841539|Sander_lucioperca	100.000	80	80
U103;size=3	PP702697|Sander_lucioperca	100.000	64	80
U114;size=3	ON097886|Sander_lucioperca	100.000	80	80
U114;size=3	ON097303|Sander_lucioperca	100.000	80	80
U114;size=3	MT833816|Sander_lucioperca	98.750	80	80
U114;size=3	ON097642|Sander_lucioperca	98.750	80	80
U114;size=3	ON097742|Sander_lucioperca	98.750	80	80
U114;size=3	ON934138|Sander_lucioperca	98.750	80	80
U114;size=3	PQ394796|Sander_lucioperca	98.750	80	80
U114;size=3	PP702697|Sander_lucioperca	98.750	80	80
U114;size=3	PV841528|Sander_lucioperca	98.750	80	80
U114;size=3	PV841529|Sander_lucioperca	98.750	80	80
U114;size=3	PV841530|Sander_lucioperca	98.750	80	80
U114;size=3	PV841531|Sander_lucioperca	98.750	80	80
U114;size=3	PV841532|Sander_lucioperca	98.750	80	80
U114;size=3	PV841533|Sander_lucioperca	98.750	80	80
U114;size=3	PV841534|Sander_lucioperca	98.750	80	80
U114;size=3	PV841535|Sander_lucioperca	98.750	80	80
U114;size=3	PV841536|Sander_lucioperca	98.750	80	80
U114;size=3	PV841537|Sander_lucioperca	98.750	80	80
U114;size=3	PV841538|Sander_lucioperca	98.750	80	80
U114;size=3	PV841539|Sander_lucioperca	98.750	80	80
U120;size=3	ON545962|Pleuronectes_platessa	98.684	76	80
U120;size=3	MK283725|Limanda_aspera	95.000	80	80
U120;size=3	ON545949|Pleuronectes_platessa	100.000	61	80
U120;size=3	ON545954|Pleuronectes_platessa	100.000	61	80
U120;size=3	MT890558|Pleuronectes_platessa	100.000	56	80
U120;size=3	MN893185|Pleuronectes_platessa	100.000	53	80
U120;size=3	LC146692|Pollachius_virens	92.647	68	80
U120;size=3	MT890560|Pleuronectes_platessa	96.429	56	80
U120;size=3	MW435027|Limanda_aspera	96.226	53	80
U120;size=3	MT890559|Pleuronectes_platessa	94.643	56	80
U120;size=3	MK241678|Pollachius_virens	90.323	62	80
U120;size=3	MK241680|Pollachius_virens	90.323	62	80
U120;size=3	KX119494|Pollachius_virens	90.196	51	80
U120;size=3	KX119495|Pollachius_virens	90.196	51	80
U120;size=3	MN893170|Pollachius_virens	90.196	51	80
U120;size=3	MT455166|Pollachius_virens	90.196	51	80
U120;size=3	PV496049|Pollachius_virens	90.196	51	80
U120;size=3	PV496050|Pollachius_virens	90.196	51	80
U120;size=3	PQ034643|Pollachius_virens	90.000	50	80
U120;size=3	PQ034644|Pollachius_virens	90.000	50	80
U120;size=3	PQ034645|Pollachius_virens	90.000	50	80
U120;size=3	MW829385|Limanda_aspera	94.872	39	80
U120;size=3	ON545944|Pleuronectes_platessa	100.000	28	80
U93;size=3	MT833816|Sander_lucioperca	95.312	64	80
U93;size=3	ON097886|Sander_lucioperca	100.000	53	80
U93;size=3	ON934138|Sander_lucioperca	100.000	53	80
U93;size=3	PQ394796|Sander_lucioperca	100.000	53	80
U93;size=3	ON097742|Sander_lucioperca	100.000	52	80
U93;size=3	ON097303|Sander_lucioperca	100.000	52	80
U93;size=3	ON097642|Sander_lucioperca	100.000	51	80
U93;size=3	PV841528|Sander_lucioperca	100.000	48	80
U93;size=3	PV841529|Sander_lucioperca	100.000	48	80
U93;size=3	PV841530|Sander_lucioperca	100.000	48	80
U93;size=3	PV841531|Sander_lucioperca	100.000	48	80
U93;size=3	PV841532|Sander_lucioperca	100.000	48	80
U93;size=3	PV841533|Sander_lucioperca	100.000	48	80
U93;size=3	PV841534|Sander_lucioperca	100.000	48	80
U93;size=3	PV841535|Sander_lucioperca	100.000	48	80
U93;size=3	PV841536|Sander_lucioperca	100.000	48	80
U93;size=3	PV841537|Sander_lucioperca	100.000	48	80
U93;size=3	PV841538|Sander_lucioperca	100.000	48	80
U93;size=3	PV841539|Sander_lucioperca	100.000	48	80
U93;size=3	PP702697|Sander_lucioperca	100.000	32	80
U125;size=2	AY157328|Pleuronectes_platessa	100.000	80	80
U125;size=2	EU348298|Pleuronectes_platessa	100.000	80	80
U125;size=2	GU324137|Pleuronectes_platessa	100.000	80	80
U125;size=2	GU324168|Pleuronectes_platessa	100.000	80	80
U125;size=2	KJ128864|Pleuronectes_platessa	100.000	80	80
U125;size=2	KJ128865|Pleuronectes_platessa	100.000	80	80
U125;size=2	AY359673|Pleuronectes_platessa	98.750	80	80
U125;size=2	EU548135|Limanda_aspera	97.500	80	80
U125;size=2	EU548136|Limanda_aspera	97.500	80	80
U125;size=2	AF488441|Limanda_aspera	97.500	80	80
U125;size=2	FJ870394|Limanda_aspera	97.500	80	80
U125;size=2	FJ870395|Limanda_aspera	97.500	80	80
U125;size=2	KC984231|Limanda_aspera	97.500	80	80
U125;size=2	KJ010572|Limanda_aspera	97.500	80	80
U125;size=2	KJ010580|Limanda_aspera	97.500	80	80
U125;size=2	FN688137|Pleuronectes_platessa	96.078	51	80
U125;size=2	FN688138|Pleuronectes_platessa	96.078	51	80
U125;size=2	FN688139|Pleuronectes_platessa	96.078	51	80
U125;size=2	FN688140|Pleuronectes_platessa	96.078	51	80
U125;size=2	FN688141|Pleuronectes_platessa	96.078	51	80
U125;size=2	FN688142|Pleuronectes_platessa	96.078	51	80
U125;size=2	FN688143|Pleuronectes_platessa	96.078	51	80
U125;size=2	FN688144|Pleuronectes_platessa	96.078	51	80
U125;size=2	JQ939088|Pleuronectes_platessa	97.436	39	80
U130;size=2	AF420461|Pollachius_virens	95.312	64	66
U130;size=2	GU581264|Pollachius_virens	95.312	64	66
U130;size=2	FJ215186|Pollachius_virens	95.312	64	66
U130;size=2	KJ128866|Pollachius_virens	95.312	64	66
U130;size=2	KJ128867|Pollachius_virens	95.312	64	66
U130;size=2	AF420462|Gadus_morhua	95.312	64	66
U130;size=2	AY850363|Gadus_morhua	95.312	64	66
U130;size=2	GU018116|Gadus_morhua	95.312	64	66
U130;size=2	GU931786|Gadus_morhua	95.312	64	66
U130;size=2	GU324163|Gadus_morhua	95.312	64	66
U130;size=2	JX121817|Gadus_morhua	95.312	64	66
U130;size=2	KJ128772|Gadus_morhua	95.312	64	66
U130;size=2	KJ128773|Gadus_morhua	95.312	64	66
U130;size=2	AY850362|Gadus_chalcogrammus	95.312	64	66
U130;size=2	EU548102|Gadus_chalcogrammus	95.312	64	66
U130;size=2	EU548198|Gadus_chalcogrammus	95.312	64	66
U130;size=2	EU548199|Gadus_chalcogrammus	95.312	64	66
U130;size=2	GU581268|Gadus_chalcogrammus	95.312	64	66
U130;size=2	EF119324|Gadus_chalcogrammus	95.312	64	66
U130;size=2	EF119325|Gadus_chalcogrammus	95.312	64	66
U130;size=2	KJ010584|Gadus_chalcogrammus	95.312	64	66
U130;size=2	KJ010598|Gadus_chalcogrammus	95.312	64	66
U130;size=2	KJ010660|Gadus_chalcogrammus	95.312	64	66
U130;size=2	KJ010704|Gadus_chalcogrammus	95.312	64	66
U130;size=2	FJ215192|Gadus_chalcogrammus	93.750	64	66
U130;size=2	AY800003|Gadus_chalcogrammus	91.935	62	66
U130;size=2	AY141399|Gadus_morhua	90.625	64	66
U130;size=2	FN687991|Gadus_morhua	100.000	28	66
U130;size=2	FN687992|Gadus_morhua	100.000	28	66
U130;size=2	FN687993|Gadus_morhua	100.000	28	66
U130;size=2	FN687994|Gadus_morhua	100.000	28	66
U130;size=2	FN687995|Gadus_morhua	100.000	28	66
U131;size=2	MT833816|Sander_lucioperca	100.000	80	80
U131;size=2	ON097642|Sander_lucioperca	100.000	80	80
U131;size=2	ON097742|Sander_lucioperca	100.000	80	80
U131;size=2	ON934138|Sander_lucioperca	100.000	80	80
U131;size=2	PQ394796|Sander_lucioperca	100.000	80	80
U131;size=2	PP702697|Sander_lucioperca	100.000	80	80
U131;size=2	PV841528|Sander_lucioperca	100.000	80	80
U131;size=2	PV841529|Sander_lucioperca	100.000	80	80
U131;size=2	PV841530|Sander_lucioperca	100.000	80	80
U131;size=2	PV841531|Sander_lucioperca	100.000	80	80
U131;size=2	PV841532|Sander_lucioperca	100.000	80	80
U131;size=2	PV841533|Sander_lucioperca	100.000	80	80
U131;size=2	PV841534|Sander_lucioperca	100.000	80	80
U131;size=2	PV841535|Sander_lucioperca	100.000	80	80
U131;size=2	PV841536|Sander_lucioperca	100.000	80	80
U131;size=2	PV841537|Sander_lucioperca	100.000	80	80
U131;size=2	PV841538|Sander_lucioperca	100.000	80	80
U131;size=2	PV841539|Sander_lucioperca	100.000	80	80
U131;size=2	ON097886|Sander_lucioperca	98.750	80	80
U131;size=2	ON097303|Sander_lucioperca	98.750	80	80
U132;size=2	AY157328|Pleuronectes_platessa	100.000	80	80
U132;size=2	EU348298|Pleuronectes_platessa	100.000	80	80
U132;size=2	GU324137|Pleuronectes_platessa	100.000	80	80
U132;size=2	KJ128864|Pleuronectes_platessa	100.000	80	80
U132;size=2	KJ128865|Pleuronectes_platessa	100.000	80	80
U132;size=2	EU548135|Limanda_aspera	98.750	80	80
U132;size=2	AF488441|Limanda_aspera	98.750	80	80
U132;size=2	FJ870394|Limanda_aspera	98.750	80	80
U132;size=2	FJ870395|Limanda_aspera	98.750	80	80
U132;size=2	GU324168|Pleuronectes_platessa	98.750	80	80
U132;size=2	AY359673|Pleuronectes_platessa	98.734	79	80
U132;size=2	EU548136|Limanda_aspera	98.718	78	80
U132;size=2	KC984231|Limanda_aspera	98.718	78	80
U132;size=2	KJ010572|Limanda_aspera	98.718	78	80
U132;size=2	KJ010580|Limanda_aspera	98.718	78	80
U132;size=2	FN688137|Pleuronectes_platessa	97.436	78	80
U132;size=2	FN688138|Pleuronectes_platessa	97.436	78	80
U132;size=2	FN688139|Pleuronectes_platessa	97.436	78	80
U132;size=2	FN688140|Pleuronectes_platessa	97.436	78	80
U132;size=2	FN688141|Pleuronectes_platessa	97.436	78	80
U132;size=2	FN688142|Pleuronectes_platessa	97.436	78	80
U132;size=2	FN688143|Pleuronectes_platessa	97.436	78	80
U132;size=2	FN688144|Pleuronectes_platessa	97.436	78	80
U132;size=2	JQ939088|Pleuronectes_platessa	98.630	73	80
U138;size=2	AF420461|Pollachius_virens	100.000	80	80
U138;size=2	GU581264|Pollachius_virens	100.000	80	80
U138;size=2	FJ215186|Pollachius_virens	100.000	80	80
U138;size=2	KJ128866|Pollachius_virens	100.000	80	80
U138;size=2	KJ128867|Pollachius_virens	100.000	80	80
U138;size=2	AF420462|Gadus_morhua	100.000	80	80
U138;size=2	AY850363|Gadus_morhua	100.000	80	80
U138;size=2	GU018116|Gadus_morhua	100.000	80	80
U138;size=2	GU931786|Gadus_morhua	100.000	80	80
U138;size=2	GU324163|Gadus_morhua	100.000	80	80
U138;size=2	JX121817|Gadus_morhua	100.000	80	80
U138;size=2	KJ128772|Gadus_morhua	100.000	80	80
U138;size=2	KJ128773|Gadus_morhua	100.000	80	80
U138;size=2	AY850362|Gadus_chalcogrammus	100.000	80	80
U138;size=2	EU548102|Gadus_chalcogrammus	100.000	80	80
U138;size=2	EU548198|Gadus_chalcogrammus	100.000	80	80
U138;size=2	EU548199|Gadus_chalcogrammus	100.000	80	80
U138;size=2	GU581268|Gadus_chalcogrammus	100.000	80	80
U138;size=2	EF119324|Gadus_chalcogrammus	100.000	80	80
U138;size=2	EF119325|Gadus_chalcogrammus	100.000	80	80
U138;size=2	KJ010584|Gadus_chalcogrammus	100.000	80	80
U138;size=2	KJ010598|Gadus_chalcogrammus	100.000	80	80
U138;size=2	KJ010660|Gadus_chalcogrammus	100.000	80	80
U138;size=2	KJ010704|Gadus_chalcogrammus	100.000	80	80
U138;size=2	FJ215192|Gadus_chalcogrammus	98.750	80	80
U138;size=2	AY141399|Gadus_morhua	96.250	80	80
U138;size=2	AY800003|Gadus_chalcogrammus	93.976	83	80
U138;size=2	FN687991|Gadus_morhua	98.113	53	80
U138;size=2	FN687991|Gadus_morhua	100.000	28	80
U138;size=2	FN687992|Gadus_morhua	98.113	53	80
U138;size=2	FN687992|Gadus_morhua	100.000	28	80
U138;size=2	FN687993|Gadus_morhua	98.113	53	80
U138;size=2	FN687993|Gadus_morhua	100.000	28	80
U138;size=2	FN687994|Gadus_morhua	98.113	53	80
U138;size=2	FN687994|Gadus_morhua	100.000	28	80
U138;size=2	FN687995|Gadus_morhua	98.113	53	80
U138;size=2	FN687995|Gadus_morhua	100.000	28	80
U146;size=2	GU324168|Pleuronectes_platessa	97.500	80	80
U146;size=2	AY157328|Pleuronectes_platessa	96.250	80	80
U146;size=2	GU324137|Pleuronectes_platessa	96.250	80	80
U146;size=2	JQ939088|Pleuronectes_platessa	96.250	80	80
U146;size=2	KJ128864|Pleuronectes_platessa	96.250	80	80
U146;size=2	KJ128865|Pleuronectes_platessa	96.250	80	80
U146;size=2	EU348298|Pleuronectes_platessa	95.000	80	80
U167;size=2	MW829365|Gadus_morhua	96.250	80	80
U167;size=2	ON545933|Gadus_morhua	96.250	80	80
U167;size=2	MW435093|Arctogadus_glacialis	95.000	80	80
U167;size=2	MW435104|Arctogadus_glacialis	95.000	80	80
U167;size=2	MW831011|Gadus_morhua	95.000	80	80
U167;size=2	ON545931|Gadus_morhua	95.000	80	80
U167;size=2	ON545935|Gadus_morhua	95.000	80	80
U167;size=2	ON545937|Gadus_morhua	95.000	80	80
U167;size=2	ON545938|Gadus_morhua	95.000	80	80
U167;size=2	ON545957|Gadus_morhua	95.000	80	80
U167;size=2	ON545965|Gadus_morhua	95.000	80	80
U167;size=2	MZ407824|Gadus_morhua	95.000	80	80
U167;size=2	MZ407825|Gadus_morhua	95.000	80	80
U167;size=2	PP087981|Gadus_morhua	95.000	80	80
U167;size=2	PP087982|Gadus_morhua	95.000	80	80
U167;size=2	PP087983|Gadus_morhua	95.000	80	80
U167;size=2	PQ034651|Gadus_morhua	95.000	80	80
U167;size=2	PQ034652|Gadus_morhua	95.000	80	80
U167;size=2	PQ034653|Gadus_morhua	95.000	80	80
U167;size=2	PV541600|Gadus_morhua	95.000	80	80
U167;size=2	PZ676065|Gadus_morhua	95.000	80	80
U167;size=2	MZ097918|Gadus_chalcogrammus	95.000	80	80
U167;size=2	MZ097919|Gadus_chalcogrammus	95.000	80	80
U167;size=2	MZ097920|Gadus_chalcogrammus	95.000	80	80
U167;size=2	MZ097921|Gadus_chalcogrammus	95.000	80	80
U167;size=2	MZ097922|Gadus_chalcogrammus	95.000	80	80
U167;size=2	MZ097923|Gadus_chalcogrammus	95.000	80	80
U167;size=2	MZ097924|Gadus_chalcogrammus	95.000	80	80
U167;size=2	MZ097925|Gadus_chalcogrammus	95.000	80	80
U167;size=2	MZ097926|Gadus_chalcogrammus	95.000	80	80
U167;size=2	MZ407786|Gadus_chalcogrammus	95.000	80	80
U167;size=2	MW435038|Gadus_chalcogrammus	95.000	80	80
U167;size=2	MW435064|Gadus_chalcogrammus	95.000	80	80
U167;size=2	MW435065|Gadus_chalcogrammus	95.000	80	80
U167;size=2	MW435131|Gadus_chalcogrammus	95.000	80	80
U167;size=2	OQ442221|Gadus_chalcogrammus	95.000	80	80
U167;size=2	OQ932941|Gadus_chalcogrammus	95.000	80	80
U167;size=2	PV541582|Gadus_chalcogrammus	95.000	80	80
U167;size=2	PV541586|Gadus_chalcogrammus	95.000	80	80
U167;size=2	PV541612|Gadus_chalcogrammus	95.000	80	80
U167;size=2	PX398564|Gadus_chalcogrammus	95.000	80	80
U167;size=2	MZ169750|Arctogadus_glacialis	93.750	80	80
U167;size=2	MZ169751|Arctogadus_glacialis	93.750	80	80
U167;size=2	MW435025|Arctogadus_glacialis	93.750	80	80
U167;size=2	MW435087|Arctogadus_glacialis	93.750	80	80
U167;size=2	MW435088|Arctogadus_glacialis	93.750	80	80
U167;size=2	MW435090|Arctogadus_glacialis	93.750	80	80
U167;size=2	MW435091|Arctogadus_glacialis	93.750	80	80
U167;size=2	MW435092|Arctogadus_glacialis	93.750	80	80
U167;size=2	MW435094|Arctogadus_glacialis	93.750	80	80
U169;size=2	LC146692|Pollachius_virens	97.183	71	80
U169;size=2	OQ932941|Gadus_chalcogrammus	98.485	66	80
U169;size=2	MK241678|Pollachius_virens	98.462	65	80
U169;size=2	MK241680|Pollachius_virens	98.462	65	80
U169;size=2	OR290809|Merluccius_gayi	93.506	77	80
U169;size=2	OR290814|Merluccius_gayi	93.506	77	80
U169;size=2	OR290803|Merluccius_gayi	94.366	71	80
U169;size=2	ON545935|Gadus_morhua	96.923	65	80
U169;size=2	ON545937|Gadus_morhua	96.923	65	80
U169;size=2	ON545957|Gadus_morhua	96.923	65	80
U169;size=2	PP087981|Gadus_morhua	100.000	57	80
U169;size=2	PP087982|Gadus_morhua	100.000	57	80
U169;size=2	PP087983|Gadus_morhua	100.000	57	80
U169;size=2	ON545931|Gadus_morhua	100.000	56	80
U169;size=2	ON545933|Gadus_morhua	100.000	56	80
U169;size=2	ON545938|Gadus_morhua	100.000	56	80
U169;size=2	MW435025|Arctogadus_glacialis	100.000	54	80
U169;size=2	MW435087|Arctogadus_glacialis	100.000	54	80
U169;size=2	MW435088|Arctogadus_glacialis	100.000	54	80
U169;size=2	MW435090|Arctogadus_glacialis	100.000	54	80
U169;size=2	MW435091|Arctogadus_glacialis	100.000	54	80
U169;size=2	MW435092|Arctogadus_glacialis	100.000	54	80
U169;size=2	MW435093|Arctogadus_glacialis	100.000	54	80
U169;size=2	MW435094|Arctogadus_glacialis	100.000	54	80
U169;size=2	MW435095|Arctogadus_glacialis	100.000	54	80
U169;size=2	MW435096|Arctogadus_glacialis	100.000	54	80
U169;size=2	MW435098|Arctogadus_glacialis	100.000	54	80
U169;size=2	MW435099|Arctogadus_glacialis	100.000	54	80
U169;size=2	MW435100|Arctogadus_glacialis	100.000	54	80
U169;size=2	MW435103|Arctogadus_glacialis	100.000	54	80
U169;size=2	MW435104|Arctogadus_glacialis	100.000	54	80
U169;size=2	MW435139|Arctogadus_glacialis	100.000	54	80
U169;size=2	MW435147|Arctogadus_glacialis	100.000	54	80
U169;size=2	PV496041|Arctogadus_glacialis	100.000	54	80
U169;size=2	MZ097918|Gadus_chalcogrammus	98.246	57	80
U169;size=2	MZ097919|Gadus_chalcogrammus	98.246	57	80
U169;size=2	MZ097920|Gadus_chalcogrammus	98.246	57	80
U169;size=2	MZ097921|Gadus_chalcogrammus	98.246	57	80
U169;size=2	MZ097922|Gadus_chalcogrammus	98.246	57	80
U169;size=2	MZ097923|Gadus_chalcogrammus	98.246	57	80
U169;size=2	MZ097924|Gadus_chalcogrammus	98.246	57	80
U169;size=2	MZ097925|Gadus_chalcogrammus	98.246	57	80
U169;size=2	MZ097926|Gadus_chalcogrammus	98.246	57	80
U169;size=2	MW435038|Gadus_chalcogrammus	100.000	54	80
U169;size=2	MW435064|Gadus_chalcogrammus	100.000	54	80
U169;size=2	MW435131|Gadus_chalcogrammus	100.000	54	80
U169;size=2	PX398564|Gadus_chalcogrammus	100.000	54	80
U169;size=2	OR290806|Merluccius_gayi	96.610	59	80
U169;size=2	KX119494|Pollachius_virens	98.148	54	80
U169;size=2	KX119495|Pollachius_virens	98.148	54	80
U176;size=2	GU581264|Pollachius_virens	96.250	80	80
U176;size=2	AF420462|Gadus_morhua	96.250	80	80
U176;size=2	AY850363|Gadus_morhua	96.250	80	80
U176;size=2	AY141399|Gadus_morhua	96.250	80	80
U176;size=2	GU018116|Gadus_morhua	96.250	80	80
U176;size=2	GU931786|Gadus_morhua	96.250	80	80
U176;size=2	GU324163|Gadus_morhua	96.250	80	80
U176;size=2	JX121817|Gadus_morhua	96.250	80	80
U176;size=2	KJ128772|Gadus_morhua	96.250	80	80
U176;size=2	KJ128773|Gadus_morhua	96.250	80	80
U176;size=2	AF420461|Pollachius_virens	91.250	80	80
U176;size=2	FJ215186|Pollachius_virens	91.250	80	80
U176;size=2	AY800003|Gadus_chalcogrammus	91.250	80	80
U176;size=2	AY850362|Gadus_chalcogrammus	91.250	80	80
U176;size=2	FJ215192|Gadus_chalcogrammus	91.250	80	80
U176;size=2	GU581268|Gadus_chalcogrammus	91.250	80	80
U176;size=2	EF119324|Gadus_chalcogrammus	91.250	80	80
U176;size=2	EF119325|Gadus_chalcogrammus	91.250	80	80
U176;size=2	KJ010584|Gadus_chalcogrammus	91.250	80	80
U176;size=2	KJ010598|Gadus_chalcogrammus	91.250	80	80
U176;size=2	KJ010660|Gadus_chalcogrammus	91.250	80	80
U176;size=2	KJ010704|Gadus_chalcogrammus	91.250	80	80
U176;size=2	EU548199|Gadus_chalcogrammus	93.651	63	80
U176;size=2	EU548102|Gadus_chalcogrammus	92.063	63	80
U176;size=2	EU548198|Gadus_chalcogrammus	92.063	63	80
U178;size=2	MG253482|Pleuronectes_platessa	98.750	80	80
U178;size=2	MG253483|Pleuronectes_platessa	98.750	80	80
U178;size=2	MG253484|Pleuronectes_platessa	98.750	80	80
U178;size=2	MG253485|Pleuronectes_platessa	98.750	80	80
U178;size=2	MG253486|Pleuronectes_platessa	98.750	80	80
U178;size=2	MG253487|Pleuronectes_platessa	98.750	80	80
U178;size=2	MG253488|Pleuronectes_platessa	98.750	80	80
U178;size=2	MG253489|Pleuronectes_platessa	98.750	80	80
U178;size=2	MG253490|Pleuronectes_platessa	98.750	80	80
U178;size=2	MG253491|Pleuronectes_platessa	98.750	80	80
U178;size=2	MN893185|Pleuronectes_platessa	98.750	80	80
U178;size=2	MK216614|Pleuronectes_platessa	98.750	80	80
U178;size=2	MT890558|Pleuronectes_platessa	98.750	80	80
U178;size=2	MT890559|Pleuronectes_platessa	98.750	80	80
U178;size=2	MT890560|Pleuronectes_platessa	98.750	80	80
U178;size=2	MN756319|Pleuronectes_platessa	98.750	80	80
U178;size=2	ON545944|Pleuronectes_platessa	98.750	80	80
U178;size=2	ON545949|Pleuronectes_platessa	98.750	80	80
U178;size=2	ON545954|Pleuronectes_platessa	98.750	80	80
U178;size=2	ON545962|Pleuronectes_platessa	98.750	80	80
